id,type,theme,related_objective_id,data,created_at
03e92576-ae29-49bd-b17f-acdb7a64d6f8,quizz,Observation Sensorielle,,"{""answers"":[""Uniquement leur hauteur"",""Leur hauteur, leur forme (creuses ou douces), leur fréquence, et s'il y a du ressac sur les zones rocheuses"",""Uniquement leur couleur"",""La direction du vent uniquement""],""question"":""Que peut-on observer concernant les vagues pour anticiper leur dangerosité ?"",""explanation"":""Des vagues creuses et rapides sont plus dangereuses que des vagues douces et longues. Le ressac (vague qui rebondit sur la côte) crée des zones particulièrement instables. Observer 5 minutes avant de s'engager."",""version_moniteur"":{""answers"":[""Uniquement leur hauteur"",""Leur hauteur, leur forme (creuses ou douces), leur fréquence, et s'il y a du ressac sur les zones rocheuses"",""Uniquement leur couleur"",""La direction du vent uniquement""],""question"":""Que peut-on observer concernant les vagues pour anticiper leur dangerosité ?"",""explanation"":""Des vagues creuses et rapides sont plus dangereuses que des vagues douces et longues. Le ressac (vague qui rebondit sur la côte) crée des zones particulièrement instables. Observer 5 minutes avant de s'engager."",""correctAnswerIndex"":1},""correctAnswerIndex"":1}",2026-06-18 07:22:47.652672+00
09edcd82-aa20-430b-bbcb-2964abf413ac,quizz,Les Marées,,"{""answers"":[""L'estran"",""La dune"",""Le port"",""La falaise""],""question"":""Cette partie de la plage est couverte par la mer à marée haute, et à l'air libre à marée basse. Comment on l'appelle ?"",""explanation"":""L'estran, c'est la bande de plage qui se découvre à marée basse. C'est là qu'on trouve les coquillages, les crabes et les petites mares."",""version_moniteur"":{""answers"":[""La laisse de mer"",""L'estran"",""La zone subtidale"",""Le platier""],""question"":""Comment s'appelle la zone du littoral qui se couvre et se découvre avec la marée ?"",""explanation"":""L'estran (ou zone intertidale) est la bande côtière alternativement couverte et découverte par la mer. C'est un des milieux les plus riches et les plus extrêmes de la planète."",""correctAnswerIndex"":1},""correctAnswerIndex"":0}",2026-06-18 07:22:47.652672+00
0a764548-b0e1-4a26-b2e0-3b37a2b870ca,quizz,Repères spatio-temporels,,"{""answers"":[""Au début du flot"",""À l'étale"",""À mi-marée"",""À la marée haute""],""question"":""Qu'est-ce que les courants sont les plus forts lors d'une marée ?"",""explanation"":""Selon la règle des douzièmes, c'est à mi-marée (3ème et 4ème heure) que le débit est maximum et les courants les plus forts. C'est un moment de vigilance accrue pour tous les navigateurs."",""version_moniteur"":{""answers"":[""Au début du flot"",""À l'étale"",""À mi-marée"",""À la marée haute""],""question"":""Qu'est-ce que les courants sont les plus forts lors d'une marée ?"",""explanation"":""Selon la règle des douzièmes, c'est à mi-marée (3ème et 4ème heure) que le débit est maximum et les courants les plus forts. C'est un moment de vigilance accrue pour tous les navigateurs."",""correctAnswerIndex"":2},""correctAnswerIndex"":2}",2026-06-18 07:22:47.652672+00
0dfb7b40-527c-4d2e-9a59-5cb3201b4e3a,quizz,Général,,"{""answers"":[""Ce n'est pas lié — la santé humaine ne dépend pas de l'environnement marin"",""La pollution de l'eau et de l'air cause des maladies. L'environnement est notre 'maison commune' : s'il est en mauvais état, notre santé en pâtit"",""Uniquement pour les personnes vivant près de la mer"",""Uniquement à cause des algues toxiques""],""question"":""Pourquoi la protection de l'environnement est-elle aussi une question de santé humaine ?"",""explanation"":""Pollution de l'eau → maladies hydrique. Microplastiques dans les aliments. Algues toxiques liées à l'eutrophisation. La santé des écosystèmes marins est directement liée à la santé humaine."",""version_moniteur"":{""answers"":[""Ce n'est pas lié — la santé humaine ne dépend pas de l'environnement marin"",""La pollution de l'eau et de l'air cause des maladies. L'environnement est notre 'maison commune' : s'il est en mauvais état, notre santé en pâtit"",""Uniquement pour les personnes vivant près de la mer"",""Uniquement à cause des algues toxiques""],""question"":""Pourquoi la protection de l'environnement est-elle aussi une question de santé humaine ?"",""explanation"":""Pollution de l'eau → maladies hydrique. Microplastiques dans les aliments. Algues toxiques liées à l'eutrophisation. La santé des écosystèmes marins est directement liée à la santé humaine."",""correctAnswerIndex"":1},""correctAnswerIndex"":1}",2026-06-18 07:22:47.652672+00
0e9ca34c-e60a-4bf3-ab39-4a0016128e69,mots,Météo & Marées,,"{""hint"":""Elle se lève souvent en début d'après-midi par beau temps"",""answer"":""La brise de mer"",""definition"":""Vent local qui se forme l'après-midi car la terre se réchauffe plus vite que la mer, créant un appel d'air de la mer vers la côte""}",2026-06-18 07:22:47.652672+00
1573269d-1737-4e0b-b3e6-bce166fcbeb7,mots,Les Marées,,"{""hint"":""On le parcourt à marée basse pour trouver des organismes marins"",""answer"":""L'estran"",""definition"":""Zone du littoral alternativement couverte et découverte par la mer, un des milieux les plus riches et extrêmes de la planète""}",2026-06-18 07:22:47.652672+00
16c1a857-4ab3-4419-9516-3e34b3cc9e58,quizz,Les Marées,,"{""answers"":[""Uniquement parce qu'elles modifient la température de l'eau"",""Elles rythment la vie de toutes les espèces littorales et des activités comme la pêche ou la navigation"",""Elles créent du vent qui affecte les oiseaux"",""Elles changent la couleur de l'eau selon le coefficient""],""question"":""Pourquoi les marées influencent-elles la biodiversité et les activités humaines ?"",""explanation"":""Pêcheurs, oiseaux, algues, crustacés — tout vit au rythme des marées. Les horaires d'accès aux ports, les zones de pêche à pied, les zones de reproduction : tout dépend de ce cycle."",""version_moniteur"":{""answers"":[""Uniquement parce qu'elles modifient la température de l'eau"",""Elles rythment la vie de toutes les espèces littorales et des activités comme la pêche ou la navigation"",""Elles créent du vent qui affecte les oiseaux"",""Elles changent la couleur de l'eau selon le coefficient""],""question"":""Pourquoi les marées influencent-elles la biodiversité et les activités humaines ?"",""explanation"":""Pêcheurs, oiseaux, algues, crustacés — tout vit au rythme des marées. Les horaires d'accès aux ports, les zones de pêche à pied, les zones de reproduction : tout dépend de ce cycle."",""correctAnswerIndex"":1},""correctAnswerIndex"":1}",2026-06-18 07:22:47.652672+00
187db14a-4d81-4604-a2b1-55e8326adfc3,quizz,Toutes les notions - comprendre,,"{""answers"":[""Aucun — les nutriments restent toujours au fond"",""Les courants transportent de l'eau riche en nutriments depuis les profondeurs vers la surface, permettant à la vie de prospérer"",""Les courants appauvrissent l'eau en nutriments"",""Uniquement les courants profonds ont un rôle""],""question"":""Quel est le rôle des courants marins dans la distribution des nutriments ?"",""explanation"":""Les remontées d'eau profonde (upwellings), provoquées par des courants, font remonter des eaux froides riches en nutriments en surface. Ces zones sont parmi les plus productives biologiquement au monde."",""version_moniteur"":{""answers"":[""Aucun — les nutriments restent toujours au fond"",""Les courants transportent de l'eau riche en nutriments depuis les profondeurs vers la surface, permettant à la vie de prospérer"",""Les courants appauvrissent l'eau en nutriments"",""Uniquement les courants profonds ont un rôle""],""question"":""Quel est le rôle des courants marins dans la distribution des nutriments ?"",""explanation"":""Les remontées d'eau profonde (upwellings), provoquées par des courants, font remonter des eaux froides riches en nutriments en surface. Ces zones sont parmi les plus productives biologiquement au monde."",""correctAnswerIndex"":1},""correctAnswerIndex"":1}",2026-06-18 07:22:47.652672+00
192b4174-c659-40d8-98f8-65f552229483,dilemme,Interactions des éléments climatiques,,"{""optionA"":""Maintenir ses activités nautiques habituelles en s'adaptant à chaque sortie, sans changer ses pratiques"",""optionB"":""Réduire son impact carbone global (transports, équipements) et adopter des pratiques plus durables sur et autour de l'eau"",""explanation"":""Le changement climatique accélère l'érosion côtière et modifie les conditions météo. La réduction individuelle de l'empreinte carbone, combinée à une pratique responsable, contribue à préserver les milieux qui rendent ces activités possibles.""}",2026-06-18 07:22:47.652672+00
202d3adb-6ecf-4b10-b342-1c45083d9d80,quizz,Caractéristiques du littoral,,"{""answers"":[""Le sable est trop fin et s'envole facilement"",""Le piétinement détruit la végétation qui retient le sable, déclenchant l'érosion"",""L'eau de mer les dissout progressivement"",""Les dunes sont en fait très solides et résistantes""],""question"":""Pourquoi les dunes sont-elles fragiles ?"",""explanation"":""La végétation dunaire retient le sable avec ses racines. Quand on la piétine, les plants meurent, le sable se déstabilise et la dune recule. C'est pourquoi les chemins balisés sont obligatoires."",""version_moniteur"":{""answers"":[""Le sable est trop fin et s'envole facilement"",""Le piétinement détruit la végétation qui retient le sable, déclenchant l'érosion"",""L'eau de mer les dissout progressivement"",""Les dunes sont en fait très solides et résistantes""],""question"":""Pourquoi les dunes sont-elles fragiles ?"",""explanation"":""La végétation dunaire retient le sable avec ses racines. Quand on la piétine, les plants meurent, le sable se déstabilise et la dune recule. C'est pourquoi les chemins balisés sont obligatoires."",""correctAnswerIndex"":1},""correctAnswerIndex"":1}",2026-06-18 07:22:47.652672+00
20a13cd3-e93a-480e-8688-6d9145ed3ba2,quizz,Les Marées,,"{""answers"":[""On regarde la couleur de l'eau"",""On regarde un calendrier des marées ou une appli"",""On attend de voir"",""On demande aux pêcheurs, personne d'autre ne sait""],""question"":""Comment fait-on pour savoir à quelle heure la mer sera haute demain ?"",""explanation"":""Les marées sont tellement régulières qu'on peut les calculer des années à l'avance. Il suffit de lire le calendrier des marées."",""version_moniteur"":{""answers"":[""En observant la couleur de la mer"",""En utilisant un annuaire des marées ou une application (SHOM)"",""En regardant la position de la Lune uniquement"",""En mesurant la vitesse du courant""],""question"":""Comment connaît-on à l'avance les horaires de marée ?"",""explanation"":""Les marées sont si régulières qu'on peut les calculer des années à l'avance. Le SHOM publie des annuaires et des applications donnant les horaires à la minute près."",""correctAnswerIndex"":1},""correctAnswerIndex"":1}",2026-06-18 07:22:47.652672+00
2290bbe7-8fea-4582-ad06-5416a32a6ab5,quizz,Météo & Marées,,"{""answers"":[""Du beau temps stable à venir"",""Une probable dégradation météo rapide (arrivée d'une dépression)"",""Un changement de marée imminent"",""Une remontée de vent de terre""],""question"":""Qu'indique une chute rapide du baromètre ?"",""explanation"":""Une chute rapide de la pression atmosphérique annonce l'arrivée d'une dépression avec vent, pluie et mer agitée. C'est un signal d'alerte important pour toute activité nautique."",""version_moniteur"":{""answers"":[""Du beau temps stable à venir"",""Une probable dégradation météo rapide (arrivée d'une dépression)"",""Un changement de marée imminent"",""Une remontée de vent de terre""],""question"":""Qu'indique une chute rapide du baromètre ?"",""explanation"":""Une chute rapide de la pression atmosphérique annonce l'arrivée d'une dépression avec vent, pluie et mer agitée. C'est un signal d'alerte important pour toute activité nautique."",""correctAnswerIndex"":1},""correctAnswerIndex"":1}",2026-06-18 07:22:47.652672+00
2cc8ff4e-63b8-4f01-a23c-f68444ac742d,triage,Caractéristiques du littoral,,"{""isTrue"":false,""statement"":""Il faut ramasser toute la laisse de mer (algues incluses) pour nettoyer la plage."",""explanation"":""Les éléments naturels de la laisse de mer (algues, bois, coquilles) nourrissent l'écosystème dunaire et abritent de nombreux invertébrés. Seuls les déchets d'origine humaine doivent être ramassés.""}",2026-06-18 07:22:47.652672+00
2ece942a-af57-45ff-9738-08b176b6df86,quizz,Toutes les notions - observer,,"{""answers"":[""Elles ne changent pas — les pratiques restent identiques depuis 50 ans"",""Matériaux recyclés, moteurs électriques, zones protégées, codes de bonne conduite en mer — les choses changent"",""Uniquement par l'interdiction de certaines activités"",""Uniquement grâce aux réglementations obligatoires""],""question"":""Comment les pratiques nautiques et littorales évoluent-elles vers plus de durabilité ?"",""explanation"":""Bateaux solaires, combinaisons en matériaux recyclés, zones de mouillage sur bouées pour protéger les herbiers, charte des bonnes pratiques — les acteurs du milieu s'engagent progressivement vers plus de durabilité."",""version_moniteur"":{""answers"":[""Elles ne changent pas — les pratiques restent identiques depuis 50 ans"",""Matériaux recyclés, moteurs électriques, zones protégées, codes de bonne conduite en mer — les choses changent"",""Uniquement par l'interdiction de certaines activités"",""Uniquement grâce aux réglementations obligatoires""],""question"":""Comment les pratiques nautiques et littorales évoluent-elles vers plus de durabilité ?"",""explanation"":""Bateaux solaires, combinaisons en matériaux recyclés, zones de mouillage sur bouées pour protéger les herbiers, charte des bonnes pratiques — les acteurs du milieu s'engagent progressivement vers plus de durabilité."",""correctAnswerIndex"":1},""correctAnswerIndex"":1}",2026-06-18 07:22:47.652672+00
31cce895-53e5-4e59-acfb-8b05fc3a8c76,quizz,Interactions des éléments climatiques,,"{""answers"":[""La profondeur, la salinité et la température de l'eau"",""La vitesse du vent, la durée pendant laquelle il souffle, et le fetch (distance d'eau libre sur laquelle il souffle)"",""La lune, le soleil et la pression atmosphérique uniquement"",""Le courant marin, la marée et la pression""],""question"":""Quels sont les trois facteurs qui déterminent la taille d'une houle ?"",""explanation"":""Plus le vent est fort, souffle longtemps et sur une grande distance (fetch), plus la houle est puissante. C'est pourquoi les côtes exposées à l'Atlantique reçoivent de fortes houles venant de milliers de kilomètres."",""version_moniteur"":{""answers"":[""La profondeur, la salinité et la température de l'eau"",""La vitesse du vent, la durée pendant laquelle il souffle, et le fetch (distance d'eau libre sur laquelle il souffle)"",""La lune, le soleil et la pression atmosphérique uniquement"",""Le courant marin, la marée et la pression""],""question"":""Quels sont les trois facteurs qui déterminent la taille d'une houle ?"",""explanation"":""Plus le vent est fort, souffle longtemps et sur une grande distance (fetch), plus la houle est puissante. C'est pourquoi les côtes exposées à l'Atlantique reçoivent de fortes houles venant de milliers de kilomètres."",""correctAnswerIndex"":1},""correctAnswerIndex"":1}",2026-06-18 07:22:47.652672+00
352ae64c-cb51-4f6c-b348-45d572174b36,quizz,Interactions des éléments climatiques,,"{""answers"":[""Il n'y a aucune différence"",""La mer du vent est courte et désordonnée (vent local). La houle est longue et régulière, formée au large et ayant voyagé loin de sa zone de génération"",""La houle est uniquement présente en océan, pas près des côtes"",""Les vagues sont plus grosses que la houle""],""question"":""Quelle est la différence entre les vagues et la houle ?"",""explanation"":""La houle a voyagé loin de la tempête qui l'a créée : elle devient régulière et longue. On peut avoir de la houle par vent calme. La mer du vent est créée localement, courte et hachée."",""version_moniteur"":{""answers"":[""Il n'y a aucune différence"",""La mer du vent est courte et désordonnée (vent local). La houle est longue et régulière, formée au large et ayant voyagé loin de sa zone de génération"",""La houle est uniquement présente en océan, pas près des côtes"",""Les vagues sont plus grosses que la houle""],""question"":""Quelle est la différence entre les vagues et la houle ?"",""explanation"":""La houle a voyagé loin de la tempête qui l'a créée : elle devient régulière et longue. On peut avoir de la houle par vent calme. La mer du vent est créée localement, courte et hachée."",""correctAnswerIndex"":1},""correctAnswerIndex"":1}",2026-06-18 07:22:47.652672+00
39c40515-ce74-4011-b039-c4ada89689f9,mots,Les Marées,,"{""hint"":""Il 'flotte' vers le haut — par opposition au jusant"",""answer"":""Le flot"",""definition"":""Terme technique désignant la marée montante""}",2026-06-18 07:22:47.652672+00
39e86933-df36-421b-b68b-8cbdbec70695,quizz,Observation Sensorielle,,"{""answers"":[""La couleur des rochers uniquement"",""La présence de moutons (crêtes blanches), la hauteur des vagues, si elles cassent, la visibilité à l'horizon"",""La présence de bateaux de pêche uniquement"",""La température de l'air""],""question"":""Quels signes visuels permettent d'évaluer l'état de la mer depuis le rivage ?"",""explanation"":""Les 'moutons' (écume sur les crêtes) apparaissent à partir de Beaufort 3. La façon dont les vagues cassent, la visibilité, le type de houle — tout cela se lit depuis le rivage avant de s'engager sur l'eau."",""version_moniteur"":{""answers"":[""La couleur des rochers uniquement"",""La présence de moutons (crêtes blanches), la hauteur des vagues, si elles cassent, la visibilité à l'horizon"",""La présence de bateaux de pêche uniquement"",""La température de l'air""],""question"":""Quels signes visuels permettent d'évaluer l'état de la mer depuis le rivage ?"",""explanation"":""Les 'moutons' (écume sur les crêtes) apparaissent à partir de Beaufort 3. La façon dont les vagues cassent, la visibilité, le type de houle — tout cela se lit depuis le rivage avant de s'engager sur l'eau."",""correctAnswerIndex"":1},""correctAnswerIndex"":1}",2026-06-18 07:22:47.652672+00
3a52ae12-a38f-4871-b57b-056e7a43a656,quizz,Observation Sensorielle,,"{""answers"":[""La hauteur des nuages"",""La laisse de haute mer : la ligne de débris (algues, bois) laissée par la dernière marée haute"",""La couleur de l'eau au large"",""La hauteur des vagues actuelles""],""question"":""Quel est le meilleur indice naturel pour savoir jusqu'où va monter la mer ?"",""explanation"":""La laisse de haute mer est le meilleur repère naturel. Elle marque le niveau de la dernière marée haute. Si les affaires sont posées en dessous, elles risquent d'être emportées."",""version_moniteur"":{""answers"":[""La hauteur des nuages"",""La laisse de haute mer : la ligne de débris (algues, bois) laissée par la dernière marée haute"",""La couleur de l'eau au large"",""La hauteur des vagues actuelles""],""question"":""Quel est le meilleur indice naturel pour savoir jusqu'où va monter la mer ?"",""explanation"":""La laisse de haute mer est le meilleur repère naturel. Elle marque le niveau de la dernière marée haute. Si les affaires sont posées en dessous, elles risquent d'être emportées."",""correctAnswerIndex"":1},""correctAnswerIndex"":1}",2026-06-18 07:22:47.652672+00
3ded4e32-4057-4566-84d8-17a27bb9903d,quizz,Repères spatio-temporels,,"{""answers"":[""Un type de courant côtier dangereux"",""Un point de repère visuel fixe à terre utilisé pour se localiser (clocher, phare, château d'eau)"",""La profondeur minimale d'un chenal"",""Un signal sonore de brume""],""question"":""Qu'est-ce qu'un amer ?"",""explanation"":""Un amer est tout objet fixe et remarquable à terre servant de repère visuel. En navigation côtière, deux amers permettent de se positionner par intersection."",""version_moniteur"":{""answers"":[""Un type de courant côtier dangereux"",""Un point de repère visuel fixe à terre utilisé pour se localiser (clocher, phare, château d'eau)"",""La profondeur minimale d'un chenal"",""Un signal sonore de brume""],""question"":""Qu'est-ce qu'un amer ?"",""explanation"":""Un amer est tout objet fixe et remarquable à terre servant de repère visuel. En navigation côtière, deux amers permettent de se positionner par intersection."",""correctAnswerIndex"":1},""correctAnswerIndex"":1}",2026-06-18 07:22:47.652672+00
4428a4d1-b7ab-4f58-b1f6-a8bc5ac6ac97,quizz,Repères spatio-temporels,,"{""answers"":[""En regardant la direction des vagues uniquement"",""En mouillant son doigt et le levant : le côté qui refroidit indique d'où vient le vent"",""En observant le sens des nuages uniquement"",""En regardant où volent les mouettes""],""question"":""Comment repère-t-on la direction du vent sans instrument ?"",""explanation"":""Un doigt mouillé levé en l'air refroidit sur le côté d'où vient le vent. On peut aussi regarder les drapeaux, la fumée, les rideaux d'eau sur la mer."",""version_moniteur"":{""answers"":[""En regardant la direction des vagues uniquement"",""En mouillant son doigt et le levant : le côté qui refroidit indique d'où vient le vent"",""En observant le sens des nuages uniquement"",""En regardant où volent les mouettes""],""question"":""Comment repère-t-on la direction du vent sans instrument ?"",""explanation"":""Un doigt mouillé levé en l'air refroidit sur le côté d'où vient le vent. On peut aussi regarder les drapeaux, la fumée, les rideaux d'eau sur la mer."",""correctAnswerIndex"":1},""correctAnswerIndex"":1}",2026-06-18 07:22:47.652672+00
480e8b7e-ccaf-4b5d-bad0-4f97f7fac8b5,quizz,Toutes les notions - comprendre,,"{""answers"":[""Elles ne s'y adaptent pas — c'est un milieu hostile vide de vie"",""Elles développent des adaptations spécifiques : carapaces (crabe), adhérence (patelle), dessèchement toléré (algues)"",""Elles migrent à chaque marée"",""Elles vivent uniquement dans l'eau constamment""],""question"":""Comment les espèces marines sont-elles adaptées à l'estran, un milieu extrême ?"",""explanation"":""L'estran alterne immersion et émersion, chaleur et froid, eau douce (pluie) et eau salée. Ses habitants ont des adaptations remarquables : la patelle colle à son rocher, la crépidule résiste à la dessiccation, les algues sont flexibles."",""version_moniteur"":{""answers"":[""Elles ne s'y adaptent pas — c'est un milieu hostile vide de vie"",""Elles développent des adaptations spécifiques : carapaces (crabe), adhérence (patelle), dessèchement toléré (algues)"",""Elles migrent à chaque marée"",""Elles vivent uniquement dans l'eau constamment""],""question"":""Comment les espèces marines sont-elles adaptées à l'estran, un milieu extrême ?"",""explanation"":""L'estran alterne immersion et émersion, chaleur et froid, eau douce (pluie) et eau salée. Ses habitants ont des adaptations remarquables : la patelle colle à son rocher, la crépidule résiste à la dessiccation, les algues sont flexibles."",""correctAnswerIndex"":1},""correctAnswerIndex"":1}",2026-06-18 07:22:47.652672+00
4882467a-bff6-4adb-a9cb-6de2e7151e28,quizz,Repères spatio-temporels,,"{""answers"":[""C'est une obligation légale uniquement"",""La nature aura toujours le dernier mot : marées, vents, saisons — s'adapter c'est être en sécurité et en harmonie avec le milieu"",""Pour des raisons touristiques uniquement"",""Uniquement pour les pêcheurs professionnels""],""question"":""Pourquoi les activités humaines doivent-elles s'adapter aux rythmes naturels du littoral ?"",""explanation"":""Marées, vents, saisons de reproduction — tous ces rythmes naturels conditionnent la sécurité et l'impact des activités. Les connaître permet d'agir au bon moment et au bon endroit."",""version_moniteur"":{""answers"":[""C'est une obligation légale uniquement"",""La nature aura toujours le dernier mot : marées, vents, saisons — s'adapter c'est être en sécurité et en harmonie avec le milieu"",""Pour des raisons touristiques uniquement"",""Uniquement pour les pêcheurs professionnels""],""question"":""Pourquoi les activités humaines doivent-elles s'adapter aux rythmes naturels du littoral ?"",""explanation"":""Marées, vents, saisons de reproduction — tous ces rythmes naturels conditionnent la sécurité et l'impact des activités. Les connaître permet d'agir au bon moment et au bon endroit."",""correctAnswerIndex"":1},""correctAnswerIndex"":1}",2026-06-18 07:22:47.652672+00
4c7d9c79-cdf0-4c71-afe8-85f6024d3399,quizz,Repères spatio-temporels,,"{""answers"":[""En goûtant l'eau — elle est plus salée dans le sens du courant"",""En observant l'eau autour d'une bouée ou d'un poteau : une 'moustache' d'écume se forme en aval"",""En regardant la direction des vagues de surface"",""En plongeant un bâton verticalement""],""question"":""Comment repère-t-on le sens du courant dans l'eau ?"",""explanation"":""L'eau qui s'écoule autour d'un obstacle fixe (bouée, poteau, rocher) forme une traînée d'écume ou de remous du côté aval. C'est le signe le plus facile à lire pour identifier le sens du courant."",""version_moniteur"":{""answers"":[""En goûtant l'eau — elle est plus salée dans le sens du courant"",""En observant l'eau autour d'une bouée ou d'un poteau : une 'moustache' d'écume se forme en aval"",""En regardant la direction des vagues de surface"",""En plongeant un bâton verticalement""],""question"":""Comment repère-t-on le sens du courant dans l'eau ?"",""explanation"":""L'eau qui s'écoule autour d'un obstacle fixe (bouée, poteau, rocher) forme une traînée d'écume ou de remous du côté aval. C'est le signe le plus facile à lire pour identifier le sens du courant."",""correctAnswerIndex"":1},""correctAnswerIndex"":1}",2026-06-18 07:22:47.652672+00
4d90379f-2de9-43dc-8d02-b933481d9385,quizz,Caractéristiques du littoral,,"{""answers"":[""Parce que l'eau y est plus chaude qu'au large"",""C'est une zone de rencontre entre terre et mer (écotone) qui multiplie les habitats et les ressources"",""Parce que les vagues apportent des nutriments du fond"",""Uniquement parce qu'il y a moins de prédateurs""],""question"":""Pourquoi le littoral est-il un milieu particulièrement riche en biodiversité ?"",""explanation"":""Le littoral est un écotone : une zone de transition entre deux milieux (terre/mer). Ces zones de contact sont toujours les plus riches en espèces, car elles combinent les ressources des deux milieux."",""version_moniteur"":{""answers"":[""Parce que l'eau y est plus chaude qu'au large"",""C'est une zone de rencontre entre terre et mer (écotone) qui multiplie les habitats et les ressources"",""Parce que les vagues apportent des nutriments du fond"",""Uniquement parce qu'il y a moins de prédateurs""],""question"":""Pourquoi le littoral est-il un milieu particulièrement riche en biodiversité ?"",""explanation"":""Le littoral est un écotone : une zone de transition entre deux milieux (terre/mer). Ces zones de contact sont toujours les plus riches en espèces, car elles combinent les ressources des deux milieux."",""correctAnswerIndex"":1},""correctAnswerIndex"":1}",2026-06-18 07:22:47.652672+00
50311acf-c089-4477-af66-80cf25d0e268,mots,Les Marées,,"{""hint"":""Le jus descend — par opposition au flot"",""answer"":""Le jusant"",""definition"":""Terme technique désignant la marée descendante""}",2026-06-18 07:22:47.652672+00
51296875-a227-46e2-b122-eff8a6ccc510,quizz,Repères spatio-temporels,,"{""answers"":[""Pour impressionner les autres pratiquants"",""Pour pouvoir se localiser et retrouver son chemin, même si les conditions changent"",""Pour mesurer la vitesse du courant"",""Pour estimer la hauteur des vagues""],""question"":""Pourquoi prendre des repères (amers) avant de partir sur l'eau ?"",""explanation"":""Les amers permettent de se situer et de garder le cap même si la visibilité baisse ou si le courant déporte. Un clocher, un château d'eau, un cap : identifiez-les avant de partir."",""version_moniteur"":{""answers"":[""Pour impressionner les autres pratiquants"",""Pour pouvoir se localiser et retrouver son chemin, même si les conditions changent"",""Pour mesurer la vitesse du courant"",""Pour estimer la hauteur des vagues""],""question"":""Pourquoi prendre des repères (amers) avant de partir sur l'eau ?"",""explanation"":""Les amers permettent de se situer et de garder le cap même si la visibilité baisse ou si le courant déporte. Un clocher, un château d'eau, un cap : identifiez-les avant de partir."",""correctAnswerIndex"":1},""correctAnswerIndex"":1}",2026-06-18 07:22:47.652672+00
53da99a0-a7f1-48f9-a585-bfd742800fe4,quizz,Général,,"{""answers"":[""Ramasser uniquement les déchets plastiques"",""Ne rien laisser derrière soi et respecter les chemins balisés"",""Éviter d'aller à la plage en dehors des zones aménagées"",""Observer mais ne jamais toucher quoi que ce soit""],""question"":""Quelle est la règle d'or pour limiter son impact sur le littoral ?"",""explanation"":""'Ne rien laisser derrière soi' est la règle de base. Combinée au respect des chemins balisés (pour les dunes) et des distances d'observation (pour la faune), elle résume l'essentiel de la pratique responsable."",""version_moniteur"":{""answers"":[""Ramasser uniquement les déchets plastiques"",""Ne rien laisser derrière soi et respecter les chemins balisés"",""Éviter d'aller à la plage en dehors des zones aménagées"",""Observer mais ne jamais toucher quoi que ce soit""],""question"":""Quelle est la règle d'or pour limiter son impact sur le littoral ?"",""explanation"":""'Ne rien laisser derrière soi' est la règle de base. Combinée au respect des chemins balisés (pour les dunes) et des distances d'observation (pour la faune), elle résume l'essentiel de la pratique responsable."",""correctAnswerIndex"":1},""correctAnswerIndex"":1}",2026-06-18 07:22:47.652672+00
5554947b-aaaa-4778-9991-360f7cfb5989,mots,Les Marées,,"{""hint"":""Contraire de la morte-eau — grandes marées, forts courants"",""answer"":""La vive-eau"",""definition"":""Marée de grande amplitude, lors de l'alignement Soleil-Lune-Terre (coefficients élevés)""}",2026-06-18 07:22:47.652672+00
5a666861-6360-40f5-a4da-2a8ce9bfa625,quizz,Toutes les notions - comprendre,,"{""answers"":[""La lune, le soleil et la pluie"",""Le vent, la rotation de la Terre (effet de Coriolis) et la forme des côtes / fonds marins"",""La température, la salinité et les marées uniquement"",""La pression atmosphérique uniquement""],""question"":""Quels sont les trois grands facteurs qui entraînent les courants marins de surface ?"",""explanation"":""Les courants de surface résultent de l'action du vent (principal moteur), de l'effet de Coriolis (déviation due à la rotation terrestre) et de la géographie des côtes et des fonds qui canalisent et dévient les flux."",""version_moniteur"":{""answers"":[""La lune, le soleil et la pluie"",""Le vent, la rotation de la Terre (effet de Coriolis) et la forme des côtes / fonds marins"",""La température, la salinité et les marées uniquement"",""La pression atmosphérique uniquement""],""question"":""Quels sont les trois grands facteurs qui entraînent les courants marins de surface ?"",""explanation"":""Les courants de surface résultent de l'action du vent (principal moteur), de l'effet de Coriolis (déviation due à la rotation terrestre) et de la géographie des côtes et des fonds qui canalisent et dévient les flux."",""correctAnswerIndex"":1},""correctAnswerIndex"":1}",2026-06-18 07:22:47.652672+00
5fa9dd00-8a50-421c-8c40-e313e891f14a,quizz,Général,,"{""answers"":[""Ce sont deux mots pour la même chose"",""La sensibilisation c'est la prise de conscience et l'information ; l'action c'est l'application concrète : changer ses habitudes, participer à des initiatives"",""La sensibilisation suffit — l'action n'est pas nécessaire"",""L'action est uniquement collective, la sensibilisation uniquement individuelle""],""question"":""Quelle différence y a-t-il entre 'sensibilisation' et 'action' environnementale ?"",""explanation"":""La sensibilisation ouvre les yeux, l'action change les comportements. Savoir que le plastique pollue (sensibilisation) et refuser une paille en plastique (action) sont deux étapes complémentaires mais distinctes."",""version_moniteur"":{""answers"":[""Ce sont deux mots pour la même chose"",""La sensibilisation c'est la prise de conscience et l'information ; l'action c'est l'application concrète : changer ses habitudes, participer à des initiatives"",""La sensibilisation suffit — l'action n'est pas nécessaire"",""L'action est uniquement collective, la sensibilisation uniquement individuelle""],""question"":""Quelle différence y a-t-il entre 'sensibilisation' et 'action' environnementale ?"",""explanation"":""La sensibilisation ouvre les yeux, l'action change les comportements. Savoir que le plastique pollue (sensibilisation) et refuser une paille en plastique (action) sont deux étapes complémentaires mais distinctes."",""correctAnswerIndex"":1},""correctAnswerIndex"":1}",2026-06-18 07:22:47.652672+00
6914fa20-7e8b-49b2-9999-61bf2161db1a,quizz,Les Marées,,"{""answers"":[""Oui, la vitesse est constante"",""Non, elle monte plus vite à mi-parcours (règle des douzièmes)"",""Non, elle monte plus vite au début"",""Non, elle monte plus vite à la fin""],""question"":""La marée monte-t-elle à la même vitesse tout au long du flot ?"",""explanation"":""Selon la règle des douzièmes, la marée monte 1/12 la 1ère heure, 2/12 la 2ème, 3/12 la 3ème (mi-parcours = maximum), puis ralentit symétriquement. La mi-marée est le moment des courants les plus forts."",""version_moniteur"":{""answers"":[""Oui, la vitesse est constante"",""Non, elle monte plus vite à mi-parcours (règle des douzièmes)"",""Non, elle monte plus vite au début"",""Non, elle monte plus vite à la fin""],""question"":""La marée monte-t-elle à la même vitesse tout au long du flot ?"",""explanation"":""Selon la règle des douzièmes, la marée monte 1/12 la 1ère heure, 2/12 la 2ème, 3/12 la 3ème (mi-parcours = maximum), puis ralentit symétriquement. La mi-marée est le moment des courants les plus forts."",""correctAnswerIndex"":1},""correctAnswerIndex"":1}",2026-06-18 07:22:47.652672+00
6d206332-c34f-4441-a62e-eb01a7903c36,mots,Interactions des éléments climatiques,,"{""hint"":""On peut en avoir par vent calme — elle vient de loin"",""answer"":""La houle"",""definition"":""Série d'ondes régulières à la surface de la mer, générées par une tempête distante et ayant voyagé loin de leur origine""}",2026-06-18 07:22:47.652672+00
733f1fdb-b437-4274-80ac-78180d0d416d,mots,Les Marées,,"{""hint"":""Ni flot, ni jusant — un bref instant de pause"",""answer"":""L'étale"",""definition"":""Moment de transition entre marée montante et descendante où le courant est quasi nul""}",2026-06-18 07:22:47.652672+00
742fa95f-7f09-4d2e-8807-da0d4beb9170,quizz,Observation Sensorielle,,"{""answers"":[""Uniquement le toucher"",""L'ouïe (bruit des vagues, oiseaux), l'odorat (iode, algues), parfois le toucher (texture des rochers)"",""Uniquement l'odorat"",""Il faut des instruments — les sens ne suffisent pas""],""question"":""Quels sens peut-on utiliser pour observer la nature au bord de la mer (en dehors de la vue) ?"",""explanation"":""Un bon observateur mobilise tous ses sens : écouter le bruit de la mer sur les rochers, sentir l'iode des algues à marée basse, sentir la direction du vent sur sa peau. L'observation ne se limite pas aux yeux."",""version_moniteur"":{""answers"":[""Uniquement le toucher"",""L'ouïe (bruit des vagues, oiseaux), l'odorat (iode, algues), parfois le toucher (texture des rochers)"",""Uniquement l'odorat"",""Il faut des instruments — les sens ne suffisent pas""],""question"":""Quels sens peut-on utiliser pour observer la nature au bord de la mer (en dehors de la vue) ?"",""explanation"":""Un bon observateur mobilise tous ses sens : écouter le bruit de la mer sur les rochers, sentir l'iode des algues à marée basse, sentir la direction du vent sur sa peau. L'observation ne se limite pas aux yeux."",""correctAnswerIndex"":1},""correctAnswerIndex"":1}",2026-06-18 07:22:47.652672+00
77642f8f-b66f-497e-9e08-ec89d2211286,quizz,Météo & Marées,,"{""answers"":[""Le stratus (nappe grise basse)"",""Le cirrus (filaments blancs en altitude)"",""Le cumulonimbus (développement vertical imposant)"",""L'altocumulus (moutons blancs à altitude moyenne)""],""question"":""Quel type de nuage annonce souvent des orages et des conditions instables ?"",""explanation"":""Le cumulonimbus est le nuage d'orage par excellence : développement vertical très important, il produit pluie intense, grêle, éclairs et foudre. À éviter absolument en mer."",""version_moniteur"":{""answers"":[""Le stratus (nappe grise basse)"",""Le cirrus (filaments blancs en altitude)"",""Le cumulonimbus (développement vertical imposant)"",""L'altocumulus (moutons blancs à altitude moyenne)""],""question"":""Quel type de nuage annonce souvent des orages et des conditions instables ?"",""explanation"":""Le cumulonimbus est le nuage d'orage par excellence : développement vertical très important, il produit pluie intense, grêle, éclairs et foudre. À éviter absolument en mer."",""correctAnswerIndex"":2},""correctAnswerIndex"":2}",2026-06-18 07:22:47.652672+00
7aff8cd8-b304-4d6e-8e7c-a8adbef9fbf2,quizz,Toutes les notions - observer,,"{""answers"":[""Uniquement la hauteur de la mer au moment du départ"",""L'heure de haute/basse mer, l'amplitude, les zones de courant fort ou de ressac potentiel"",""La couleur de l'eau uniquement"",""La direction du vent uniquement""],""question"":""Que faut-il observer sur la marée et le courant avant une activité nautique ?"",""explanation"":""Avant toute sortie : heure et coefficient de marée, zones de courant identifiées, zones de ressac. Ces informations, croisées avec la météo, permettent d'évaluer le niveau de risque et d'adapter le plan."",""version_moniteur"":{""answers"":[""Uniquement la hauteur de la mer au moment du départ"",""L'heure de haute/basse mer, l'amplitude, les zones de courant fort ou de ressac potentiel"",""La couleur de l'eau uniquement"",""La direction du vent uniquement""],""question"":""Que faut-il observer sur la marée et le courant avant une activité nautique ?"",""explanation"":""Avant toute sortie : heure et coefficient de marée, zones de courant identifiées, zones de ressac. Ces informations, croisées avec la météo, permettent d'évaluer le niveau de risque et d'adapter le plan."",""correctAnswerIndex"":1},""correctAnswerIndex"":1}",2026-06-18 07:22:47.652672+00
7b3632e6-f940-4e7d-a03b-1f92797ae6ff,triage,Interactions des éléments climatiques,,"{""isTrue"":true,""statement"":""On peut avoir de la houle même sans vent local."",""explanation"":""La houle est générée par une tempête distante. Elle voyage des milliers de kilomètres et arrive sur la côte alors que le vent local est calme. C'est pourquoi la mer peut être agitée par beau temps.""}",2026-06-18 07:22:47.652672+00
7f284f1a-5eea-4c55-84a9-995b503cb643,mots,Caractéristiques du littoral,,"{""hint"":""Elle sert de repère pour savoir jusqu'où la mer est montée"",""answer"":""La laisse de mer"",""definition"":""Ligne de débris naturels et artificiels déposée par la mer au niveau de sa plus haute montée""}",2026-06-18 07:22:47.652672+00
7f7a77f0-da15-437d-8ba1-11f0242cd642,triage,Les Marées,,"{""isTrue"":false,""statement"":""La marée monte à la même vitesse du début jusqu'à la fin du flot."",""explanation"":""La règle des douzièmes montre que la marée monte lentement au début (1/12 la 1ère heure), rapidement au milieu (3/12 aux 3ème et 4ème heures) et à nouveau lentement à la fin. C'est à mi-marée que les courants sont les plus forts.""}",2026-06-18 07:22:47.652672+00
81f08493-5de6-477e-bea1-358de8f9d899,quizz,Observation Sensorielle,,"{""answers"":[""En goûtant l'eau — elle est plus salée quand la marée monte"",""En choisissant un point fixe (rocher, poteau) et en observant si le niveau monte ou descend par rapport à lui"",""En comptant les vagues"",""En regardant la direction du vent""],""question"":""Comment sait-on que la mer monte ou descend, sans montre ni application ?"",""explanation"":""Choisir un point fixe et observer le niveau de l'eau à 5 minutes d'intervalle. Si l'eau monte sur le rocher, c'est le flot. Si elle descend et dégage des algues, c'est le jusant."",""version_moniteur"":{""answers"":[""En goûtant l'eau — elle est plus salée quand la marée monte"",""En choisissant un point fixe (rocher, poteau) et en observant si le niveau monte ou descend par rapport à lui"",""En comptant les vagues"",""En regardant la direction du vent""],""question"":""Comment sait-on que la mer monte ou descend, sans montre ni application ?"",""explanation"":""Choisir un point fixe et observer le niveau de l'eau à 5 minutes d'intervalle. Si l'eau monte sur le rocher, c'est le flot. Si elle descend et dégage des algues, c'est le jusant."",""correctAnswerIndex"":1},""correctAnswerIndex"":1}",2026-06-18 07:22:47.652672+00
86a4c74d-967f-4bd9-a813-237ae598ba24,quizz,Caractéristiques du littoral,,"{""answers"":[""La laisse de mer"",""Des déchets à ramasser"",""De la mousse"",""Une trace de bateau""],""question"":""Après la marée haute, il reste une ligne d'algues et de coquillages sur le sable. C'est quoi ?"",""explanation"":""C'est la laisse de mer : tout ce que la mer a déposé en se retirant. Ce n'est pas sale — plein de petites bêtes et d'oiseaux y trouvent à manger."",""version_moniteur"":{""answers"":[""La limite légale de la mer sur la plage"",""La ligne de dépôts (algues, coquilles, débris) laissée par la mer au niveau de sa plus haute montée"",""La zone toujours immergée même à marée basse"",""L'écume produite par les vagues""],""question"":""Qu'appelle-t-on la laisse de mer ?"",""explanation"":""La laisse de mer marque le niveau de la dernière marée haute. Elle contient des débris naturels (algues, bois, coquilles) essentiels à l'écosystème dunaire, et aussi des déchets humains."",""correctAnswerIndex"":1},""correctAnswerIndex"":0}",2026-06-18 07:22:47.652672+00
8765bf8c-9b31-4d7c-9f40-4126bfda7244,quizz,Les Marées,,"{""answers"":[""1 fois"",""2 fois"",""5 fois"",""Ça change tous les jours""],""question"":""En une journée, combien de fois la mer monte-t-elle complètement ?"",""explanation"":""La mer monte 2 fois et descend 2 fois par jour. Entre deux marées hautes, il se passe un peu plus de 12 heures."",""version_moniteur"":{""answers"":[""1"",""2"",""3"",""4""],""question"":""Combien de marées hautes se produisent en moyenne par jour sur les côtes françaises ?"",""explanation"":""Le régime semi-diurne produit 2 marées hautes et 2 marées basses par jour, soit un cycle d'environ 12h25. Ce décalage est dû au fait que le jour lunaire dure 24h50, pas 24h."",""correctAnswerIndex"":1},""correctAnswerIndex"":1}",2026-06-18 07:22:47.652672+00
8ad89634-29ea-4194-ae42-29055f065a60,quizz,Général,,"{""answers"":[""Uniquement parce que les animaux ont peur du bruit"",""Fuite = dépense d'énergie précieuse, abandon du nid, stress. Des parents dérangés peuvent abandonner leurs œufs ou leurs petits"",""Les animaux s'habituent rapidement à la présence humaine sans conséquences"",""Seuls les oiseaux sont sensibles au dérangement""],""question"":""Pourquoi un dérangement de la faune peut-il causer du tort aux animaux ?"",""explanation"":""Chaque fuite coûte de l'énergie à un animal. En période de reproduction, le dérangement peut provoquer l'abandon des œufs ou des jeunes. C'est pourquoi la discrétion est une règle fondamentale."",""version_moniteur"":{""answers"":[""Uniquement parce que les animaux ont peur du bruit"",""Fuite = dépense d'énergie précieuse, abandon du nid, stress. Des parents dérangés peuvent abandonner leurs œufs ou leurs petits"",""Les animaux s'habituent rapidement à la présence humaine sans conséquences"",""Seuls les oiseaux sont sensibles au dérangement""],""question"":""Pourquoi un dérangement de la faune peut-il causer du tort aux animaux ?"",""explanation"":""Chaque fuite coûte de l'énergie à un animal. En période de reproduction, le dérangement peut provoquer l'abandon des œufs ou des jeunes. C'est pourquoi la discrétion est une règle fondamentale."",""correctAnswerIndex"":1},""correctAnswerIndex"":1}",2026-06-18 07:22:47.652672+00
8b0b2183-c059-4de3-b32b-aacfc166d4a5,dilemme,Caractéristiques du littoral,,"{""optionA"":""Construire des digues et enrochements pour protéger les maisons menacées par le recul du trait de côte"",""optionB"":""Accompagner le 'repli stratégique' : relocaliser les habitations menacées et laisser la côte évoluer naturellement"",""explanation"":""Les ouvrages durs protègent localement mais aggravent souvent l'érosion ailleurs et coûtent cher à entretenir. Le repli stratégique est douloureux humainement mais plus efficace à long terme face à la montée des eaux.""}",2026-06-18 07:22:47.652672+00
8c711f2a-85eb-4dcf-b5c1-ecb6d415d475,quizz,Caractéristiques du littoral,,"{""answers"":[""Le mouvement normal de la marée qui couvre et découvre la plage"",""Le recul progressif de la limite terre/mer dû à l'érosion, accéléré par la montée des eaux et les tempêtes"",""La progression des dunes vers l'intérieur des terres"",""L'affaissement du fond marin""],""question"":""Qu'est-ce que le recul du trait de côte ?"",""explanation"":""Le recul du trait de côte est l'érosion progressive des côtes. La montée du niveau de la mer et des tempêtes plus intenses accélèrent ce phénomène naturel, menaçant habitations et écosystèmes."",""version_moniteur"":{""answers"":[""Le mouvement normal de la marée qui couvre et découvre la plage"",""Le recul progressif de la limite terre/mer dû à l'érosion, accéléré par la montée des eaux et les tempêtes"",""La progression des dunes vers l'intérieur des terres"",""L'affaissement du fond marin""],""question"":""Qu'est-ce que le recul du trait de côte ?"",""explanation"":""Le recul du trait de côte est l'érosion progressive des côtes. La montée du niveau de la mer et des tempêtes plus intenses accélèrent ce phénomène naturel, menaçant habitations et écosystèmes."",""correctAnswerIndex"":1},""correctAnswerIndex"":1}",2026-06-18 07:22:47.652672+00
8e3f4173-65a9-49cc-9229-d0952de86a97,quizz,Toutes les notions - comprendre,,"{""answers"":[""L'économie des pays côtiers uniquement"",""Le développement d'activités économiques maritimes qui respectent la santé de l'océan sur le long terme"",""La pêche industrielle intensive"",""Le tourisme balnéaire uniquement""],""question"":""Qu'est-ce que l'économie bleue ?"",""explanation"":""L'économie bleue désigne l'ensemble des activités économiques liées à la mer (pêche, tourisme, énergies marines, transport) développées de manière durable, sans compromettre la santé de l'océan."",""version_moniteur"":{""answers"":[""L'économie des pays côtiers uniquement"",""Le développement d'activités économiques maritimes qui respectent la santé de l'océan sur le long terme"",""La pêche industrielle intensive"",""Le tourisme balnéaire uniquement""],""question"":""Qu'est-ce que l'économie bleue ?"",""explanation"":""L'économie bleue désigne l'ensemble des activités économiques liées à la mer (pêche, tourisme, énergies marines, transport) développées de manière durable, sans compromettre la santé de l'océan."",""correctAnswerIndex"":1},""correctAnswerIndex"":1}",2026-06-18 07:22:47.652672+00
8eb27fbf-0b05-4d1b-8e28-6647e0acb65c,quizz,Caractéristiques du littoral,,"{""answers"":[""Par érosion des falaises par les vagues"",""Par accumulation de sable transporté par le vent, piégé par les plantes pionnières"",""Par dépôt de sédiments fluviaux uniquement"",""Par action des marées sur le sable""],""question"":""Comment se forment les dunes côtières ?"",""explanation"":""Le sable transporté par le vent est piégé par les plantes pionnières (oyat, chiendent des sables) qui constituent la première ligne de fixation. Sans végétation, la dune est mobile et fragile."",""version_moniteur"":{""answers"":[""Par érosion des falaises par les vagues"",""Par accumulation de sable transporté par le vent, piégé par les plantes pionnières"",""Par dépôt de sédiments fluviaux uniquement"",""Par action des marées sur le sable""],""question"":""Comment se forment les dunes côtières ?"",""explanation"":""Le sable transporté par le vent est piégé par les plantes pionnières (oyat, chiendent des sables) qui constituent la première ligne de fixation. Sans végétation, la dune est mobile et fragile."",""correctAnswerIndex"":1},""correctAnswerIndex"":1}",2026-06-18 07:22:47.652672+00
8fed3d6a-d645-440f-a222-16e0991ae896,triage,Général,,"{""isTrue"":true,""statement"":""Chaque observation citoyenne signalée sur des applications comme iNaturalist ou OBSenMER est une donnée utile pour les scientifiques."",""explanation"":""Les sciences participatives s'appuient sur des millions d'observations citoyennes pour suivre la biodiversité. Chaque signalement, même banal, contribue à la connaissance scientifique.""}",2026-06-18 07:22:47.652672+00
919ddcb8-2486-42f3-bab8-ba29a72b4191,quizz,Caractéristiques du littoral,,"{""answers"":[""La laisse de mer"",""Des déchets à ramasser"",""De la mousse"",""Une trace de bateau""],""question"":""Après la marée haute, il reste une ligne d'algues et de coquillages sur le sable. C'est quoi ?"",""explanation"":""C'est la laisse de mer : tout ce que la mer a déposé en se retirant. Ce n'est pas sale — plein de petites bêtes et d'oiseaux y trouvent à manger."",""version_moniteur"":{""answers"":[""Uniquement des bateaux qui passent au large"",""De l'activité de la mer : algues décrochées, bois flotté, coquilles vidées, œufs de raie"",""Des rivières qui se jettent à la mer uniquement"",""Du fond marin uniquement""],""question"":""D'où viennent les débris naturels qu'on trouve dans la laisse de mer ?"",""explanation"":""La laisse de mer contient ce que la mer transporte : algues arrachées par les vagues, bois flotté, coquilles, œufs de raie, os de seiche... Ces éléments naturels nourrissent l'écosystème dunaire."",""correctAnswerIndex"":1},""correctAnswerIndex"":0}",2026-06-18 07:22:47.652672+00
9339c140-6f87-494b-9b87-c2aa31493b10,mots,Toutes les notions - comprendre,,"{""hint"":""Elle appauvrit l'eau en oxygène et cause des marées vertes"",""answer"":""L'eutrophisation"",""definition"":""Enrichissement excessif d'un milieu aquatique en nutriments (nitrates agricoles), entraînant la prolifération d'algues vertes""}",2026-06-18 07:22:47.652672+00
9486d49a-5084-40f3-a12a-806733ec9276,quizz,Météo & Marées,,"{""answers"":[""Un vent soufflant de la mer vers la plage, favorable au retour"",""Un vent soufflant de la côte vers le large, qui peut éloigner du bord"",""Un vent parallèle à la côte, sans danger"",""Un vent variable et faible""],""question"":""Un vent de terre, qu'est-ce que cela signifie pour un pratiquant côtier ?"",""explanation"":""Le vent de terre souffle de la côte vers le large. Il peut sembler calme depuis la plage (zone abritée) alors que la mer ouverte est agitée. Il peut éloigner du bord en cas de problème."",""version_moniteur"":{""answers"":[""Un vent soufflant de la mer vers la plage, favorable au retour"",""Un vent soufflant de la côte vers le large, qui peut éloigner du bord"",""Un vent parallèle à la côte, sans danger"",""Un vent variable et faible""],""question"":""Un vent de terre, qu'est-ce que cela signifie pour un pratiquant côtier ?"",""explanation"":""Le vent de terre souffle de la côte vers le large. Il peut sembler calme depuis la plage (zone abritée) alors que la mer ouverte est agitée. Il peut éloigner du bord en cas de problème."",""correctAnswerIndex"":1},""correctAnswerIndex"":1}",2026-06-18 07:22:47.652672+00
960d40e4-eab3-4ca8-aec6-bf9c1962e561,quizz,Les Marées,,"{""answers"":[""La marée montante sera plus rapide que la descente"",""L'estran découvrira plus loin et les courants seront plus forts"",""La mer sera plus calme et sans courant"",""Il y aura moins d'organismes sur l'estran""],""question"":""Que signifie un fort coefficient de marée (vive-eau) ?"",""explanation"":""Un fort coefficient signifie une grande amplitude de marée : l'estran découvre plus loin, les courants sont plus puissants. C'est important pour la sécurité et la pratique nautique."",""version_moniteur"":{""answers"":[""La marée montante sera plus rapide que la descente"",""L'estran découvrira plus loin et les courants seront plus forts"",""La mer sera plus calme et sans courant"",""Il y aura moins d'organismes sur l'estran""],""question"":""Que signifie un fort coefficient de marée (vive-eau) ?"",""explanation"":""Un fort coefficient signifie une grande amplitude de marée : l'estran découvre plus loin, les courants sont plus puissants. C'est important pour la sécurité et la pratique nautique."",""correctAnswerIndex"":1},""correctAnswerIndex"":1}",2026-06-18 07:22:47.652672+00
98f03413-502e-4227-a45b-35df392bbc6a,mots,Observation Sensorielle,,"{""hint"":""Plus il est grand, plus les vagues peuvent être grosses"",""answer"":""Le fetch"",""definition"":""Distance d'eau libre sur laquelle le vent souffle sans interruption — l'un des trois facteurs déterminant la taille des vagues""}",2026-06-18 07:22:47.652672+00
9adf3e06-274c-4984-818d-74532a480c23,quizz,Les Marées,,"{""answers"":[""La Lune, qui tire sur l'eau"",""Le vent qui souffle sur la mer"",""Les bateaux qui passent"",""L'eau qui chauffe au soleil""],""question"":""La mer monte et descend tous les jours. Qu'est-ce qui la fait bouger comme ça ?"",""explanation"":""C'est la Lune qui tire sur l'eau de la mer, comme un aimant. Le Soleil aide un peu aussi, mais il est beaucoup plus loin."",""version_moniteur"":{""answers"":[""La rotation de la Terre sur elle-même"",""L'attraction gravitationnelle de la Lune et du Soleil"",""Les différences de température entre les océans"",""Le vent dominant en surface""],""question"":""Pourquoi y a-t-il des marées ?"",""explanation"":""Les marées résultent de l'attraction combinée de la Lune (principal facteur) et du Soleil sur les masses d'eau. La Terre tourne plus vite que la Lune ne l'orbite, créant le cycle semi-diurne."",""correctAnswerIndex"":1},""correctAnswerIndex"":0}",2026-06-18 07:22:47.652672+00
9de2e402-898c-428c-972c-7fba16ed2134,triage,Observation Sensorielle,,"{""isTrue"":false,""statement"":""Le dérangement d'un animal commence uniquement quand il prend la fuite."",""explanation"":""Il y a dérangement dès qu'il y a un changement de comportement : un oiseau qui cesse de se nourrir, un phoque qui lève la tête, un animal qui s'immobilise. La fuite est le stade le plus extrême du dérangement.""}",2026-06-18 07:22:47.652672+00
9fda2754-2b16-4619-8351-fb96a51ea82d,quizz,Les Marées,,"{""answers"":[""Le jusant"",""L'étale"",""Le flot"",""La vive-eau""],""question"":""Comment appelle-t-on la marée montante en vocabulaire technique ?"",""explanation"":""Le flot désigne la marée montante. Le jusant est la descente, l'étale le moment de transition, et la vive-eau une marée de grande amplitude."",""version_moniteur"":{""answers"":[""Le jusant"",""L'étale"",""Le flot"",""La vive-eau""],""question"":""Comment appelle-t-on la marée montante en vocabulaire technique ?"",""explanation"":""Le flot désigne la marée montante. Le jusant est la descente, l'étale le moment de transition, et la vive-eau une marée de grande amplitude."",""correctAnswerIndex"":2},""correctAnswerIndex"":2}",2026-06-18 07:22:47.652672+00
b148c8f6-b764-485f-b323-9b7af3620641,quizz,Interactions des éléments climatiques,,"{""answers"":[""Uniquement pour des raisons esthétiques"",""Les plastiques persistent des centaines d'années, se fragmentent en microplastiques, entrent dans la chaîne alimentaire et affectent tout l'écosystème marin"",""Uniquement parce qu'ils bloquent les hélices des bateaux"",""Le milieu marin neutralise naturellement les plastiques en quelques années""],""question"":""Pourquoi la gestion des déchets plastiques est-elle un enjeu particulièrement important pour le milieu marin ?"",""explanation"":""Un plastique en mer peut persister 100 à 400 ans. En se fragmentant, il crée des microplastiques ingérés par le plancton, les poissons, et finalement retrouvés dans nos assiettes. C'est une contamination globale de la chaîne du vivant."",""version_moniteur"":{""answers"":[""Uniquement pour des raisons esthétiques"",""Les plastiques persistent des centaines d'années, se fragmentent en microplastiques, entrent dans la chaîne alimentaire et affectent tout l'écosystème marin"",""Uniquement parce qu'ils bloquent les hélices des bateaux"",""Le milieu marin neutralise naturellement les plastiques en quelques années""],""question"":""Pourquoi la gestion des déchets plastiques est-elle un enjeu particulièrement important pour le milieu marin ?"",""explanation"":""Un plastique en mer peut persister 100 à 400 ans. En se fragmentant, il crée des microplastiques ingérés par le plancton, les poissons, et finalement retrouvés dans nos assiettes. C'est une contamination globale de la chaîne du vivant."",""correctAnswerIndex"":1},""correctAnswerIndex"":1}",2026-06-18 07:22:47.652672+00
b4902487-e0b0-4ce7-aafe-2a95835d948b,quizz,Interactions des éléments climatiques,,"{""answers"":[""Les courants de marée et les courants de vent n'interagissent jamais"",""Courants de marée, de dérive (vent) et généraux se combinent : leur addition peut créer des zones très agitées ou au contraire calmes"",""Seul le courant de marée compte près des côtes"",""Les courants généraux n'existent pas en Méditerranée""],""question"":""Comment les différents types de courants s'influencent-ils ?"",""explanation"":""Un courant de marée de 2 nœuds opposé à un courant de vent peut créer une mer très hachée et dangereuse. À l'inverse, aller dans le sens du courant peut doubler votre vitesse."",""version_moniteur"":{""answers"":[""Les courants de marée et les courants de vent n'interagissent jamais"",""Courants de marée, de dérive (vent) et généraux se combinent : leur addition peut créer des zones très agitées ou au contraire calmes"",""Seul le courant de marée compte près des côtes"",""Les courants généraux n'existent pas en Méditerranée""],""question"":""Comment les différents types de courants s'influencent-ils ?"",""explanation"":""Un courant de marée de 2 nœuds opposé à un courant de vent peut créer une mer très hachée et dangereuse. À l'inverse, aller dans le sens du courant peut doubler votre vitesse."",""correctAnswerIndex"":1},""correctAnswerIndex"":1}",2026-06-18 07:22:47.652672+00
b4c7330a-9953-422b-b313-eb0e836d7688,quizz,Toutes les notions - comprendre,,"{""answers"":[""Uniquement la pêche professionnelle"",""Pêche, plaisance, sports nautiques, tourisme, transport maritime, extraction de ressources — nous partageons tous cet espace"",""Uniquement le tourisme et la baignade"",""Uniquement les activités industrielles""],""question"":""Quelles sont les principales activités humaines sur le littoral ?"",""explanation"":""Le littoral est un espace partagé entre de nombreux usages : pêcheurs professionnels, plaisanciers, kitesurfeurs, promeneurs, industries portuaires. Cette cohabitation nécessite des règles et de la concertation."",""version_moniteur"":{""answers"":[""Uniquement la pêche professionnelle"",""Pêche, plaisance, sports nautiques, tourisme, transport maritime, extraction de ressources — nous partageons tous cet espace"",""Uniquement le tourisme et la baignade"",""Uniquement les activités industrielles""],""question"":""Quelles sont les principales activités humaines sur le littoral ?"",""explanation"":""Le littoral est un espace partagé entre de nombreux usages : pêcheurs professionnels, plaisanciers, kitesurfeurs, promeneurs, industries portuaires. Cette cohabitation nécessite des règles et de la concertation."",""correctAnswerIndex"":1},""correctAnswerIndex"":1}",2026-06-18 07:22:47.652672+00
ba366b25-85c3-47a8-909f-e5a46247a6e2,quizz,Interactions des éléments climatiques,,"{""answers"":[""Uniquement à cause du vent côtier"",""Quand la profondeur de l'eau devient insuffisante, la base de la vague ralentit, la crête s'avance et 'trébuche' : la vague déferle"",""Les vagues déferlent uniquement lors des marées hautes"",""Le déferlement est causé par le courant de marée uniquement""],""question"":""Comment se produit le déferlement des vagues à l'approche du rivage ?"",""explanation"":""En eau peu profonde (profondeur inférieure à environ la moitié de la longueur d'onde), la base de la vague freine sur le fond, la crête continue et dépasse : la vague 'trébuche' et déferle."",""version_moniteur"":{""answers"":[""Uniquement à cause du vent côtier"",""Quand la profondeur de l'eau devient insuffisante, la base de la vague ralentit, la crête s'avance et 'trébuche' : la vague déferle"",""Les vagues déferlent uniquement lors des marées hautes"",""Le déferlement est causé par le courant de marée uniquement""],""question"":""Comment se produit le déferlement des vagues à l'approche du rivage ?"",""explanation"":""En eau peu profonde (profondeur inférieure à environ la moitié de la longueur d'onde), la base de la vague freine sur le fond, la crête continue et dépasse : la vague 'trébuche' et déferle."",""correctAnswerIndex"":1},""correctAnswerIndex"":1}",2026-06-18 07:22:47.652672+00
bbedb830-5aca-47ae-88c3-3598404ea698,quizz,Repères spatio-temporels,,"{""answers"":[""Pour choisir la couleur de sa combinaison"",""Pour évaluer la sécurité : un fort coefficient = courants plus puissants et estran qui découvre plus loin"",""Pour savoir si la mer sera chaude"",""Pour connaître la direction du vent dominant""],""question"":""Pourquoi est-il important de connaître l'amplitude de la marée avant une sortie ?"",""explanation"":""Un fort coefficient signifie plus de courant et un estran qui découvre plus loin. Cela change tout pour la sécurité : durée disponible sur le site, force des courants, rapidité de la remontée."",""version_moniteur"":{""answers"":[""Pour choisir la couleur de sa combinaison"",""Pour évaluer la sécurité : un fort coefficient = courants plus puissants et estran qui découvre plus loin"",""Pour savoir si la mer sera chaude"",""Pour connaître la direction du vent dominant""],""question"":""Pourquoi est-il important de connaître l'amplitude de la marée avant une sortie ?"",""explanation"":""Un fort coefficient signifie plus de courant et un estran qui découvre plus loin. Cela change tout pour la sécurité : durée disponible sur le site, force des courants, rapidité de la remontée."",""correctAnswerIndex"":1},""correctAnswerIndex"":1}",2026-06-18 07:22:47.652672+00
c4cbe60b-7110-4662-962a-199554787b53,mots,Général,,"{""hint"":""Invisibles à l'œil nu, présents dans toute la chaîne alimentaire marine"",""answer"":""Les microplastiques"",""definition"":""Fragmentation progressive des matières plastiques en particules de moins de 5 mm dans les milieux naturels""}",2026-06-18 07:22:47.652672+00
c520e049-3611-4ce3-8624-66c68ab9b111,quizz,Les Marées,,"{""answers"":[""À cause du vent dominant qui ralentit la marée"",""Parce que la journée lunaire dure 24h50, pas 24h, donc la Terre doit tourner un peu plus pour 'rattraper' la Lune"",""À cause de la rotation de la Terre qui s'accélère légèrement"",""Parce que la salinité de l'eau change chaque jour""],""question"":""Pourquoi les horaires de marée se décalent-ils d'environ 50 minutes chaque jour ?"",""explanation"":""La Lune avance dans son orbite pendant que la Terre tourne. Le jour lunaire dure ~24h50, donc chaque marée se produit environ 50 minutes plus tard que la veille."",""version_moniteur"":{""answers"":[""À cause du vent dominant qui ralentit la marée"",""Parce que la journée lunaire dure 24h50, pas 24h, donc la Terre doit tourner un peu plus pour 'rattraper' la Lune"",""À cause de la rotation de la Terre qui s'accélère légèrement"",""Parce que la salinité de l'eau change chaque jour""],""question"":""Pourquoi les horaires de marée se décalent-ils d'environ 50 minutes chaque jour ?"",""explanation"":""La Lune avance dans son orbite pendant que la Terre tourne. Le jour lunaire dure ~24h50, donc chaque marée se produit environ 50 minutes plus tard que la veille."",""correctAnswerIndex"":1},""correctAnswerIndex"":1}",2026-06-18 07:22:47.652672+00
c5727395-dd7d-4d81-8efd-fefd761540d0,quizz,Toutes les notions - observer,,"{""answers"":[""Uniquement par les sons produits par les animaux"",""Par les empreintes dans le sable humide, les plumes, les coquilles ouvertes, les algues arrachées"",""En creusant dans le sable"",""Il est impossible de trouver des traces sans jumelles""],""question"":""Comment identifier des traces de présence animale sur le littoral ?"",""explanation"":""Les traces de pas sur le sable humide, les plumes, les coquilles percées par des prédateurs, les empreintes de phoques — le littoral est une lecture continue de la vie animale si l'on sait regarder."",""version_moniteur"":{""answers"":[""Uniquement par les sons produits par les animaux"",""Par les empreintes dans le sable humide, les plumes, les coquilles ouvertes, les algues arrachées"",""En creusant dans le sable"",""Il est impossible de trouver des traces sans jumelles""],""question"":""Comment identifier des traces de présence animale sur le littoral ?"",""explanation"":""Les traces de pas sur le sable humide, les plumes, les coquilles percées par des prédateurs, les empreintes de phoques — le littoral est une lecture continue de la vie animale si l'on sait regarder."",""correctAnswerIndex"":1},""correctAnswerIndex"":1}",2026-06-18 07:22:47.652672+00
c76c2fda-c78c-47df-95d4-a8fa4ccf640a,quizz,Toutes les notions - observer,,"{""answers"":[""Par obligation légale uniquement"",""Chaque signalement (pollution, espèce échouée, filet abandonné) peut déclencher une action de protection ou de recherche"",""Uniquement si c'est une espèce protégée"",""Uniquement en zone de réserve naturelle""],""question"":""Pourquoi tout ce qui est inhabituel en mer ou sur le littoral doit-il être signalé ?"",""explanation"":""Des milliers d'yeux valent mieux qu'un seul. Signaler une pollution, un animal échoué, un engin abandonné peut déclencher une intervention. Des applications comme OBSenMER permettent de centraliser ces observations."",""version_moniteur"":{""answers"":[""Par obligation légale uniquement"",""Chaque signalement (pollution, espèce échouée, filet abandonné) peut déclencher une action de protection ou de recherche"",""Uniquement si c'est une espèce protégée"",""Uniquement en zone de réserve naturelle""],""question"":""Pourquoi tout ce qui est inhabituel en mer ou sur le littoral doit-il être signalé ?"",""explanation"":""Des milliers d'yeux valent mieux qu'un seul. Signaler une pollution, un animal échoué, un engin abandonné peut déclencher une intervention. Des applications comme OBSenMER permettent de centraliser ces observations."",""correctAnswerIndex"":1},""correctAnswerIndex"":1}",2026-06-18 07:22:47.652672+00
c8e42ed6-91fd-49c1-8c4d-e89ad43eaea0,quizz,Météo & Marées,,"{""answers"":[""De la vapeur d'eau brûlante qui monte directement du sol"",""L'air chaud et humide monte, se refroidit, et la vapeur d'eau se condense autour de particules en suspension"",""Le vent pousse l'humidité vers le haut"",""La pluie s'évapore avant d'atteindre le sol""],""question"":""Comment se forme un nuage ?"",""explanation"":""L'air chaud monte, se refroidit en altitude, ne peut plus contenir autant de vapeur d'eau, et la vapeur se condense autour de particules (poussières, sel marin) pour former des gouttelettes : le nuage."",""version_moniteur"":{""answers"":[""De la vapeur d'eau brûlante qui monte directement du sol"",""L'air chaud et humide monte, se refroidit, et la vapeur d'eau se condense autour de particules en suspension"",""Le vent pousse l'humidité vers le haut"",""La pluie s'évapore avant d'atteindre le sol""],""question"":""Comment se forme un nuage ?"",""explanation"":""L'air chaud monte, se refroidit en altitude, ne peut plus contenir autant de vapeur d'eau, et la vapeur se condense autour de particules (poussières, sel marin) pour former des gouttelettes : le nuage."",""correctAnswerIndex"":1},""correctAnswerIndex"":1}",2026-06-18 07:22:47.652672+00
cbb23374-ae12-4040-a0a7-3efbf128029c,dilemme,Général,,"{""optionA"":""Pratiquer la pêche à pied librement sur tout l'estran, y compris dans les zones de reproduction"",""optionB"":""Respecter les zones et saisons de fermeture même si elles réduisent les prises"",""explanation"":""La pêche à pied intensive dans les zones de reproduction détruit les nurseries et appauvrit les stocks. Les fermetures saisonnières permettent aux espèces de se reproduire et maintiennent des populations viables pour tous.""}",2026-06-18 07:22:47.652672+00
d01e19df-61f3-4c22-9f77-5b56c08f25f3,quizz,Général,,"{""answers"":[""Uniquement les scientifiques peuvent contribuer"",""Signaler une espèce, ramasser un déchet, respecter les zones — chaque geste compte et les données citoyennes sont précieuses pour la recherche"",""Uniquement en faisant des dons à des associations"",""La préservation est uniquement l'affaire des pouvoirs publics""],""question"":""Pourquoi chacun peut-il devenir un acteur de la préservation de la biodiversité ?"",""explanation"":""Les sciences participatives (iNaturalist, OBSenMER, Vigie-Nature) collectent des millions d'observations citoyennes. Des milliers d'yeux valent mieux qu'un seul. Chaque signalement est une donnée pour la science."",""version_moniteur"":{""answers"":[""Uniquement les scientifiques peuvent contribuer"",""Signaler une espèce, ramasser un déchet, respecter les zones — chaque geste compte et les données citoyennes sont précieuses pour la recherche"",""Uniquement en faisant des dons à des associations"",""La préservation est uniquement l'affaire des pouvoirs publics""],""question"":""Pourquoi chacun peut-il devenir un acteur de la préservation de la biodiversité ?"",""explanation"":""Les sciences participatives (iNaturalist, OBSenMER, Vigie-Nature) collectent des millions d'observations citoyennes. Des milliers d'yeux valent mieux qu'un seul. Chaque signalement est une donnée pour la science."",""correctAnswerIndex"":1},""correctAnswerIndex"":1}",2026-06-18 07:22:47.652672+00
d3a08232-c462-45c5-9594-1e6bd5040530,quizz,Toutes les notions - comprendre,,"{""answers"":[""Ce n'est pas le cas — chaque espèce vit indépendamment"",""Le vent crée les vagues, les vagues façonnent la côte, la côte abrite des espèces — tout est lié dans un système complexe"",""Seuls le vent et les marées sont liés"",""L'interdépendance ne concerne que les espèces animales""],""question"":""Pourquoi tous les éléments du milieu marin sont-ils interdépendants ?"",""explanation"":""Le vent crée des vagues, les vagues érodent les falaises créant des anses, les anses abritent des espèces spécifiques qui attirent des oiseaux — tout s'influence. Modifier un élément impacte tout le système."",""version_moniteur"":{""answers"":[""Ce n'est pas le cas — chaque espèce vit indépendamment"",""Le vent crée les vagues, les vagues façonnent la côte, la côte abrite des espèces — tout est lié dans un système complexe"",""Seuls le vent et les marées sont liés"",""L'interdépendance ne concerne que les espèces animales""],""question"":""Pourquoi tous les éléments du milieu marin sont-ils interdépendants ?"",""explanation"":""Le vent crée des vagues, les vagues érodent les falaises créant des anses, les anses abritent des espèces spécifiques qui attirent des oiseaux — tout s'influence. Modifier un élément impacte tout le système."",""correctAnswerIndex"":1},""correctAnswerIndex"":1}",2026-06-18 07:22:47.652672+00
d44f29e4-4679-49b1-90df-e8504abefc87,quizz,Observation Sensorielle,,"{""answers"":[""S'approcher le plus possible pour bien voir"",""Rester à distance, ne pas faire de bruit, utiliser des jumelles — il y a dérangement dès qu'il y a un changement de comportement"",""Faire du bruit pour que les animaux restent immobiles"",""Observer uniquement les espèces protégées""],""question"":""Comment observer la faune littorale sans la déranger ?"",""explanation"":""Le dérangement commence dès qu'un animal change de comportement (s'envole, plonge, s'éloigne). Rester discret, à distance, sans faire de bruit préserve l'animal et améliore l'observation."",""version_moniteur"":{""answers"":[""S'approcher le plus possible pour bien voir"",""Rester à distance, ne pas faire de bruit, utiliser des jumelles — il y a dérangement dès qu'il y a un changement de comportement"",""Faire du bruit pour que les animaux restent immobiles"",""Observer uniquement les espèces protégées""],""question"":""Comment observer la faune littorale sans la déranger ?"",""explanation"":""Le dérangement commence dès qu'un animal change de comportement (s'envole, plonge, s'éloigne). Rester discret, à distance, sans faire de bruit préserve l'animal et améliore l'observation."",""correctAnswerIndex"":1},""correctAnswerIndex"":1}",2026-06-18 07:22:47.652672+00
d7b6ebf1-9e43-4458-8ec2-636ae7c7fe85,mots,Repères spatio-temporels,,"{""hint"":""Deux de ces repères suffisent à déterminer sa position exacte"",""answer"":""L'amer"",""definition"":""Point de repère visuel fixe à terre (clocher, phare, château d'eau) utilisé par les navigateurs pour se positionner""}",2026-06-18 07:22:47.652672+00
d89109de-aed5-4106-9fdb-f38a39168a57,quizz,Observation Sensorielle,,"{""answers"":[""La laisse de mer"",""Des déchets à ramasser"",""De la mousse"",""Une trace de bateau""],""question"":""Après la marée haute, il reste une ligne d'algues et de coquillages sur le sable. C'est quoi ?"",""explanation"":""C'est la laisse de mer : tout ce que la mer a déposé en se retirant. Ce n'est pas sale — plein de petites bêtes et d'oiseaux y trouvent à manger."",""version_moniteur"":{""answers"":[""Uniquement des déchets plastiques"",""Des coquillages, œufs de raie, os de seiche, algues — et la proportion de déchets humains renseigne sur la santé du milieu"",""Uniquement des roches et du sable"",""Uniquement des organismes vivants""],""question"":""Quels éléments peut-on trouver dans la laisse de mer pour lire l'état de l'écosystème ?"",""explanation"":""La laisse de mer est une fenêtre sur l'écosystème. Beaucoup d'éléments naturels = bon signe. Beaucoup de plastiques = mauvais signe. Les œufs de raie, os de seiche, algues particulières indiquent la présence d'espèces spécifiques."",""correctAnswerIndex"":1},""correctAnswerIndex"":0}",2026-06-18 07:22:47.652672+00
d89ef082-fb26-4790-8075-ff4b41aece60,quizz,Météo & Marées,,"{""answers"":[""L'air marin est plus léger et se déplace plus vite"",""La mer a une inertie thermique différente de la terre, et les systèmes météo se déplacent sans obstacles"",""Les vagues accélèrent le déplacement des nuages"",""L'eau salée conduit mieux la chaleur""],""question"":""Pourquoi le temps change-t-il plus vite en mer qu'à terre ?"",""explanation"":""La mer est plus lente à se réchauffer et refroidir que la terre. Les systèmes météo (dépressions, fronts) se déplacent sur l'océan sans obstacles orographiques et peuvent évoluer très rapidement."",""version_moniteur"":{""answers"":[""L'air marin est plus léger et se déplace plus vite"",""La mer a une inertie thermique différente de la terre, et les systèmes météo se déplacent sans obstacles"",""Les vagues accélèrent le déplacement des nuages"",""L'eau salée conduit mieux la chaleur""],""question"":""Pourquoi le temps change-t-il plus vite en mer qu'à terre ?"",""explanation"":""La mer est plus lente à se réchauffer et refroidir que la terre. Les systèmes météo (dépressions, fronts) se déplacent sur l'océan sans obstacles orographiques et peuvent évoluer très rapidement."",""correctAnswerIndex"":1},""correctAnswerIndex"":1}",2026-06-18 07:22:47.652672+00
d8d14909-54d2-4650-9a6f-dc0d224441cf,quizz,Météo & Marées,,"{""answers"":[""Par la rotation de la Terre uniquement"",""Par des différences de pression atmosphérique : l'air se déplace des hautes vers les basses pressions"",""Par l'évaporation de l'eau de mer"",""Par la chaleur dégagée par le Soleil directement""],""question"":""Comment se forme le vent ?"",""explanation"":""Le vent est de l'air qui se déplace d'une zone de haute pression (beaucoup d'air) vers une zone de basse pression (peu d'air). Plus l'écart de pression est grand, plus le vent est fort."",""version_moniteur"":{""answers"":[""Par la rotation de la Terre uniquement"",""Par des différences de pression atmosphérique : l'air se déplace des hautes vers les basses pressions"",""Par l'évaporation de l'eau de mer"",""Par la chaleur dégagée par le Soleil directement""],""question"":""Comment se forme le vent ?"",""explanation"":""Le vent est de l'air qui se déplace d'une zone de haute pression (beaucoup d'air) vers une zone de basse pression (peu d'air). Plus l'écart de pression est grand, plus le vent est fort."",""correctAnswerIndex"":1},""correctAnswerIndex"":1}",2026-06-18 07:22:47.652672+00
dc47a382-c73e-44ff-904f-ac225f9b1127,quizz,Météo & Marées,,"{""answers"":[""Parce que la terre chauffe plus vite que la mer"",""Parce que la mer est plus salée l'après-midi"",""Parce que les vagues poussent l'air"",""C'est le hasard""],""question"":""L'après-midi en été, le vent se lève souvent et vient de la mer. Pourquoi ?"",""explanation"":""Le soleil chauffe la terre plus vite que l'eau. L'air chaud monte au-dessus de la plage, et l'air frais de la mer vient prendre sa place : ça fait du vent."",""version_moniteur"":{""answers"":[""Elle refroidit l'eau et rend la baignade difficile"",""Si le soleil tape fort le matin avec peu de vent, la brise se lève généralement en début d'après-midi"",""Elle crée des courants sous-marins dangereux"",""Elle annonce toujours une tempête""],""question"":""Pourquoi anticiper la brise thermique est-il utile pour planifier une sortie ?"",""explanation"":""Un ciel clair et peu de vent le matin sont les conditions idéales pour la brise thermique qui se lèvera en début d'après-midi. Ce rythme prévisible permet d'adapter son planning d'activité."",""correctAnswerIndex"":1},""correctAnswerIndex"":0}",2026-06-18 07:22:47.652672+00
dcc13b4c-c269-4733-8bf3-61fd7f378f9b,dilemme,Général,,"{""optionA"":""Interdire l'accès à l'estran pendant les périodes de reproduction des espèces littorales"",""optionB"":""Autoriser l'accès en sensibilisant et en délimitant des zones protégées avec balisage"",""explanation"":""Ce dilemme oppose protection maximale et accès éducatif. Les gestionnaires optent souvent pour des solutions mixtes : accès libre hors saison de reproduction, zones balisées en saison. La sensibilisation est plus durable que l'interdiction pure.""}",2026-06-18 07:22:47.652672+00
dfc7db4f-d9d4-46ae-8bc7-b2dc73a13119,triage,Toutes les notions - observer,,"{""isTrue"":true,""statement"":""Observer 5 minutes la mer depuis le rivage avant de s'engager sur l'eau est une bonne pratique de sécurité."",""explanation"":""Ces quelques minutes permettent d'identifier les séries de grosses vagues, les zones de déferlement, les courants visibles, les zones calmes. C'est un réflexe de sécurité essentiel.""}",2026-06-18 07:22:47.652672+00
e2b8c280-5cb9-4024-a93c-65655f5e0f4c,quizz,Les Marées,,"{""answers"":[""La période où le courant est le plus fort"",""Le moment de transition entre marée montante et descendante, où le courant est quasi nul"",""La hauteur maximale atteinte par la marée"",""La durée totale d'une marée""],""question"":""Qu'est-ce que l'étale de marée ?"",""explanation"":""L'étale est un bref moment de pause entre le flot et le jusant. Le courant y est quasi nul. C'est un moment favorable pour certaines activités, mais il ne dure pas longtemps."",""version_moniteur"":{""answers"":[""La période où le courant est le plus fort"",""Le moment de transition entre marée montante et descendante, où le courant est quasi nul"",""La hauteur maximale atteinte par la marée"",""La durée totale d'une marée""],""question"":""Qu'est-ce que l'étale de marée ?"",""explanation"":""L'étale est un bref moment de pause entre le flot et le jusant. Le courant y est quasi nul. C'est un moment favorable pour certaines activités, mais il ne dure pas longtemps."",""correctAnswerIndex"":1},""correctAnswerIndex"":1}",2026-06-18 07:22:47.652672+00
e5ab5f68-6bee-4a0b-9bf7-b02f17867870,quizz,Toutes les notions - comprendre,,"{""answers"":[""Les gros poissons mangent les petits, sans autre lien"",""Du phytoplancton aux grands prédateurs, chaque maillon est essentiel : la disparition d'un maillon affecte toute la chaîne"",""Les algues mangent les poissons"",""Seuls les animaux du fond participent à la chaîne""],""question"":""Comment fonctionne une chaîne alimentaire marine ?"",""explanation"":""Le phytoplancton → zooplancton → petits poissons → grands prédateurs. Chaque maillon est vital. La surpêche d'un maillon, la disparition du phytoplancton — tout déséquilibre se répercute dans toute la chaîne."",""version_moniteur"":{""answers"":[""Les gros poissons mangent les petits, sans autre lien"",""Du phytoplancton aux grands prédateurs, chaque maillon est essentiel : la disparition d'un maillon affecte toute la chaîne"",""Les algues mangent les poissons"",""Seuls les animaux du fond participent à la chaîne""],""question"":""Comment fonctionne une chaîne alimentaire marine ?"",""explanation"":""Le phytoplancton → zooplancton → petits poissons → grands prédateurs. Chaque maillon est vital. La surpêche d'un maillon, la disparition du phytoplancton — tout déséquilibre se répercute dans toute la chaîne."",""correctAnswerIndex"":1},""correctAnswerIndex"":1}",2026-06-18 07:22:47.652672+00
ef575a7b-b63b-4c1f-9fb3-4d7399f2f06b,quizz,Météo & Marées,,"{""answers"":[""Parce que la terre chauffe plus vite que la mer"",""Parce que la mer est plus salée l'après-midi"",""Parce que les vagues poussent l'air"",""C'est le hasard""],""question"":""L'après-midi en été, le vent se lève souvent et vient de la mer. Pourquoi ?"",""explanation"":""Le soleil chauffe la terre plus vite que l'eau. L'air chaud monte au-dessus de la plage, et l'air frais de la mer vient prendre sa place : ça fait du vent."",""version_moniteur"":{""answers"":[""La mer se réchauffe plus vite que la terre le matin"",""La terre se réchauffe plus vite que la mer, l'air chaud monte au-dessus de la terre et l'air frais de la mer prend sa place"",""Le vent général de la dépression est aspiré vers la côte"",""La différence de salinité crée un mouvement d'air""],""question"":""Comment se forme une brise thermique côtière en été ?"",""explanation"":""En journée, la terre chauffe plus vite que la mer. L'air chaud de la terre monte, et l'air frais de la mer prend sa place : c'est la brise de mer. La nuit, le phénomène s'inverse."",""correctAnswerIndex"":1},""correctAnswerIndex"":0}",2026-06-18 07:22:47.652672+00
f58bd36f-eaa4-4af2-b298-2f909a200a9f,quizz,Les Marées,,"{""answers"":[""Parce que la forme des côtes ralentit ou accélère l'eau"",""Parce que l'eau est plus salée à certains endroits"",""Parce qu'il fait plus chaud dans le Sud"",""Parce que les horloges sont différentes""],""question"":""Pourquoi la mer n'est-elle pas haute à la même heure partout en France ?"",""explanation"":""L'eau doit contourner les caps, entrer dans les baies… Comme dans un couloir plein d'obstacles, elle n'arrive pas partout en même temps."",""version_moniteur"":{""answers"":[""À cause de la rotation de la Terre uniquement"",""La forme des côtes influence la propagation de l'onde de marée"",""Les différences de salinité retardent la marée"",""Le fond marin est plus profond à certains endroits""],""question"":""Pourquoi l'heure de la marée n'est-elle pas la même partout en même temps ?"",""explanation"":""L'onde de marée, comme une vague géante, doit contourner les obstacles géographiques. La forme des côtes, les détroits et les baies modifient sa vitesse de propagation locale."",""correctAnswerIndex"":1},""correctAnswerIndex"":0}",2026-06-18 07:22:47.652672+00
fb09764e-39b1-4fd6-aab3-6c1e9265ae1b,triage,Météo & Marées,,"{""isTrue"":true,""statement"":""Un vent de terre est dangereux car il peut éloigner du bord et la zone côtière peut sembler calme alors que la mer ouverte est agitée."",""explanation"":""La zone côtière sous le vent de terre est abritée, mais au-delà, la mer peut être agitée. En cas de problème, le vent pousse vers le large au lieu d'aider à rentrer.""}",2026-06-18 07:22:47.652672+00
fda2bc17-8c13-43b2-a088-41c09b7b02a6,quizz,Interactions des éléments climatiques,,"{""answers"":[""Uniquement parce qu'il est peu fréquenté"",""Il combine des milieux diversifiés (mer, estran, dunes, estuaires, bocage) dans un équilibre fragile entre usages humains et nature"",""Parce que la Normandie interdit toute activité humaine sur son littoral"",""Uniquement parce que les eaux y sont très froides""],""question"":""Pourquoi le littoral normand est-il considéré comme un territoire à forts enjeux de biodiversité ?"",""explanation"":""La Normandie concentre des milieux remarquables : baie du Mont-Saint-Michel, falaises d'Étretat, marais du Cotentin, estuaires de la Seine et de la Vire — 34 sites Natura 2000 avec partie marine."",""version_moniteur"":{""answers"":[""Uniquement parce qu'il est peu fréquenté"",""Il combine des milieux diversifiés (mer, estran, dunes, estuaires, bocage) dans un équilibre fragile entre usages humains et nature"",""Parce que la Normandie interdit toute activité humaine sur son littoral"",""Uniquement parce que les eaux y sont très froides""],""question"":""Pourquoi le littoral normand est-il considéré comme un territoire à forts enjeux de biodiversité ?"",""explanation"":""La Normandie concentre des milieux remarquables : baie du Mont-Saint-Michel, falaises d'Étretat, marais du Cotentin, estuaires de la Seine et de la Vire — 34 sites Natura 2000 avec partie marine."",""correctAnswerIndex"":1},""correctAnswerIndex"":1}",2026-06-18 07:22:47.652672+00
ff87bb52-1ac5-4662-9e73-bb924584d526,triage,Les Marées,,"{""isTrue"":true,""statement"":""On peut calculer les horaires de marée des années à l'avance."",""explanation"":""Les marées sont des phénomènes astronomiques réguliers et prévisibles. Le SHOM peut calculer les horaires avec une précision à la minute, des années à l'avance.""}",2026-06-18 07:22:47.652672+00