id,niveau,dimension,question,objectif,tip,tags_theme,tags_filtre,created_at,owner_id,is_public,club_id,ressources,source,ffv_level,supports,explication,accroche,a_observer,a_retenir,erreur_frequente,accroches_variantes
1,1,COMPRENDRE,Pourquoi y a-t-il plusieurs marées par jour ?,Comprendre le mécanisme astronomique des marées (Lune/Soleil).,La Terre tourne sur elle-même plus vite que la Lune ne tourne autour d'elle.,"[""caracteristiques_littoral"",""reperes_spatio_temporels""]","[""marée""]",2026-02-06 15:53:04.404251+00,,true,,[],copun,,[],"Deux fois par jour environ, la Lune (et un peu le Soleil) attirent les masses d'eau vers eux. La Terre tournant plus vite que la Lune ne se déplace sur son orbite, chaque point du globe passe deux fois sous cette attraction en un peu plus de 24h : d'où deux marées hautes et deux marées basses.",,,,,
10,2,COMPRENDRE,"Pourquoi pour parler du mouvement de la mer qui monte et descend, on parle de flot et de jusant ?",Connaître le vocabulaire technique précis des marées.,"Le flot 'flotte' (monte), le jusant 'descend' (jus -> bas).","[""reperes_spatio_temporels""]","[""marée"",""vocabulaire""]",2026-02-06 15:53:04.404251+00,,true,,[],copun,,[],"Ce vocabulaire vient de la marine traditionnelle : le ""flot"" est la marée montante, le ""jusant"" la marée descendante. Entre les deux se glisse l'étale, ce bref moment où le courant s'arrête avant de repartir dans l'autre sens.",,,,,
100,2,COMPRENDRE,Pourquoi l’air qui monte dans l’atmosphère favorise-t-il la formation de nuages ?,Détailler le rôle de l'air ascendant dans la nébulosité.,"Parce que lorsqu’il monte, l’air se refroidit, ne peut plus contenir autant de vapeur d’eau, et la vapeur se condense pour former des gouttelettes ou des cristaux => nuage.","[""Nuages"",""Atmosphère""]",[],2026-02-06 15:53:04.404251+00,,true,,[],copun,,[],"Plus l'air monte haut, plus il fait froid, et un air froid retient beaucoup moins de vapeur d'eau qu'un air chaud. Ce refroidissement force donc l'eau invisible contenue dans l'air à redevenir liquide (ou glace) : c'est la condensation qui forme le nuage.",,,,,
101,2,COMPRENDRE,Pourquoi les nuages sont-ils souvent utilisés comme indicateurs de changement météo ?,Identifier l'utilité des nuages comme indicateurs météorologiques.,"Parce que certains types de nuages se forment dans des conditions spécifiques : par exemple, un voile de cirrostratus peut annoncer un front chaud, des cumulus verticaux une instabilité, un ciel entièrement stratus un temps stable mais couvert. Le type + altitude + forme peuvent donc être des signaux","[""Nuages"",""Météo"",""Prévisions""]",[],2026-02-06 15:53:04.404251+00,,true,,[],copun,,[],"La forme et l'altitude d'un nuage racontent ce qui se prépare : un voile fin annonce souvent un changement en douceur, un nuage qui gonfle verticalement signale de l'instabilité, un ciel entièrement gris et bas indique un temps stable mais couvert.",,,,,
102,2,COMPRENDRE,"Qu’est-ce qu’un vent local tel que la brise de mer et de terre, et comment se forme-t-il ?",Expliquer la formation des vents locaux (brises).,"Un vent local comme la brise de mer se forme parce que la terre se réchauffe plus vite que l’eau : l’air au-dessus de la terre monte, créant une basse pression, et l’air plus frais venant de la mer se déplace vers la terre. La nuit, la situation s’inverse avec la brise de terre vers la mer.","[""Vent"",""Brise"",""Météo locale""]",[],2026-02-06 15:53:04.404251+00,,true,,[],copun,,[],"La terre se réchauffe et se refroidit plus vite que la mer. En journée, l'air chaud au-dessus du sol monte et l'air frais du large vient le remplacer : c'est la brise de mer. La nuit, la terre se refroidit plus vite que la mer, et le mouvement s'inverse : c'est la brise de terre.",,,,,
103,2,COMPRENDRE,Pourquoi est-il important de tenir compte des migrations pour la gestion des zones naturelles en Normandie ?,Comprendre l'impact des migrations sur la gestion des zones naturelles.,"Parce que les zones d’escale ou d’hivernage doivent être protégées (zones humides, littoraux), car la perturbation ou destruction de ces milieux peut compromettre le succès migratoire des espèces","[""Migrations"",""Biodiversité"",""Gestion zones naturelles""]",[],2026-02-06 15:53:04.404251+00,,true,,[],copun,,[],"Un oiseau migrateur qui trouve sa zone d'escale détruite ou trop dérangée n'a souvent pas d'autre option à proximité : il arrive épuisé et repart sans avoir pu reconstituer ses réserves. Protéger ces étapes normandes, c'est protéger la réussite du voyage entier, bien au-delà de nos frontières régionales.",,,,,
104,2,COMPRENDRE,Quels sont les trois principaux facteurs qui déterminent la taille d’une houle (ou vague générée) ?,Identifier les facteurs influençant la taille de la houle.,"La vitesse du vent, la durée pendant laquelle il souffle, et la distance non interrompue sur laquelle il souffle (fetch) : c’est-à-dire la surface d’eau sur laquelle le vent agit sans interruption","[""Houle"",""Vagues"",""Facteurs""]",[],2026-02-06 15:53:04.404251+00,,true,,[],copun,,[],"Une houle puissante n'a besoin que de trois ingrédients : un vent fort, qui souffle longtemps, sur une grande étendue d'eau libre (le fetch). Diminuez l'un des trois, et la houle reste modeste, même avec les deux autres réunis.",,,,,
105,2,OBSERVER,Pourquoi est-il utile de vérifier la direction du vent et celle de la houle ?,Comprendre l'importance de la direction du vent et de la houle pour la sécurité.,"Parce que le vent peut générer des vagues ou accentuer la houle. Si le vent souffle contre la direction de la houle, la mer se « dérange », avec des vagues plus courtes, hachées et donc dangereuses.","[""Vent"",""Houle"",""Sécurité nautique""]",[],2026-02-06 15:53:04.404251+00,,true,,[],copun,,[],"Quand le vent souffle dans le même sens que la houle, il l'accompagne et la mer reste relativement organisée. Quand il souffle contre elle, il la hache : les vagues se raccourcissent, se resserrent et deviennent plus imprévisibles — c'est souvent dans cette configuration que la mer devient la plus inconfortable.",,,,,
106,2,OBSERVER,Que faut-il observer concernant la marée ou le courant avant une activité nautique ?,Identifier les points d'observation essentiels pour la marée et les courants.,"Vérifier l’heure de haute/basse mer, l’amplitude, et identifier les zones de courant fort ou « ressac » potentiels","[""Marées"",""Courants"",""Sécurité nautique""]",[],2026-02-06 15:53:04.404251+00,,true,,[],copun,,[],"Avant de partir, trois questions concrètes sur la marée : à quelle heure est la prochaine haute ou basse mer, quelle est l'amplitude prévue (coefficient), et où se trouvent les zones connues de courant fort ou de ressac sur le site.",,,,,
107,2,OBSERVER,Pourquoi l’observation de l’état de la mer est-elle incontournable pour la sécurité nautique ?,Expliquer le rôle de l'observation marine pour la sécurité.,"Parce qu’elle permet d’évaluer le niveau de risque (vagues, houle, courant, vent), d’adapter le matériel, de choisir un bon itinéraire ou de reporter si nécessaire. L’ignorance peut conduire à des situations dangereuses","[""État de la mer"",""Sécurité nautique""]",[],2026-02-06 15:53:04.404251+00,,true,,[],copun,,[],"Un même plan d'eau peut passer de calme à dangereux en quelques dizaines de minutes si le vent forcit ou si la houle grossit. Observer l'état de la mer avant de partir, c'est décider en connaissance de cause plutôt que de découvrir un problème une fois engagé, loin du bord.",,,,,
108,2,OBSERVER,Qu’est-ce que la « période » d’une houle ?,Définir la période d'une houle.,La période est le temps (exprimé en secondes) entre le passage de deux crêtes consécutives d’onde à un même point fixe. Les houles ont typiquement des périodes plus longues que les vagues de vent,"[""Houle"",""Vagues"",""Terminologie""]",[],2026-02-06 15:53:04.404251+00,,true,,[],copun,,[],"La période se mesure en secondes entre deux crêtes qui passent au même endroit. Une mer du vent locale a une période courte (quelques secondes), tandis qu'une houle qui a voyagé longtemps a une période plus longue — souvent 10 secondes ou plus — signe de vagues plus organisées et plus puissantes.",,,,,
109,2,PROTÉGER,Quelle est la relation entre protection de l’environnement et « ressources naturelles » ?,Comprendre le lien entre protection et gestion des ressources naturelles.,"La protection de l’environnement implique de gérer durablement les ressources naturelles (eau, forêts, sols, biodiversité) afin qu’elles puissent satisfaire les besoins actuels **et futurs** sans s’épuiser","[""Protection environnement"",""Ressources naturelles"",""Développement durable""]",[],2026-02-06 15:53:04.404251+00,,true,,[],copun,,[],"L'eau douce, les sols fertiles, la biodiversité ou le poisson ne sont pas des stocks infinis : ils se renouvellent, mais à un rythme limité. Protéger l'environnement, c'est justement veiller à ne pas prélever plus vite que ce rythme naturel de renouvellement, pour que ces ressources restent disponibles demain.",,,,,
11,2,COMPRENDRE,Pourquoi le rythme des marées a des incidences sur le « vivant » et les activités humaines ?,Comprendre l'interaction marées-biodiversité-activités.,"Les pêcheurs, les oiseaux, les algues... tout le monde vit au rythme des marées.","[""biodiversite_saisonnalite"",""activites_humaines""]","[""marée"",""écosystème""]",2026-02-06 15:53:04.404251+00,,true,,[],copun,,[],"Chaque espèce de l'estran a appris à vivre avec l'alternance immersion/émersion : certaines se nourrissent à marée basse, d'autres se reproduisent à marée haute. Les activités humaines suivent le même rythme : horaires de pêche, accès aux ports, sorties en mer.",,,,,
110,2,PROTÉGER,Pourquoi la gestion des déchets plastiques est-elle un enjeu majeur ?,Expliquer l'importance de la gestion des déchets plastiques.,"Parce que les plastiques non recyclés polluent l’eau, les sols, et les écosystèmes, en particulier marins","[""Déchets plastiques"",""Pollution marine"",""Environnement""]",[],2026-02-06 15:53:04.404251+00,,true,,[],copun,,[],"Un plastique jeté en mer met des décennies, parfois des siècles, à se dégrader complètement. En se fragmentant, il devient microplastique, ingéré par le plancton puis par toute la chaîne alimentaire — jusqu'aux poissons que nous consommons.",,,,,
111,2,PROTÉGER,Pourquoi le littoral normand est-il considéré comme « un territoire à forts enjeux de biodiversité » ?,Identifier les raisons de la richesse de la biodiversité du littoral normand.,"Parce qu’il combine **entre mer, littoral, plaine et bocage** un ensemble de milieux diversifiés qui se trouvent dans un état d’équilibre fragile entre usages humains et nature","[""Biodiversité"",""Littoral normand"",""Enjeux environnementaux""]",[],2026-02-06 15:53:04.404251+00,,true,,[],copun,,[],"Sur un territoire restreint, la Normandie combine mer, littoral, plaine et bocage — une diversité de milieux rare, mais fragile, car ces espaces sont aussi parmi les plus prisés pour l'habitat, l'agriculture et le tourisme. D'où un équilibre constant à trouver entre usages humains et préservation.",,,,,
112,2,PROTÉGER,Quel réseau de protection existe en Normandie pour les milieux naturels incluant des parties marines ?,Connaître les dispositifs de protection marine en Normandie.,Le réseau **Natura 2000** compte en Normandie 94 sites dont **34 sites avec une partie marine**. Ces zones contribuent à protéger des habitats et des espèces marines ou littorales.,"[""Protection marine"",""Natura 2000"",""Normandie""]",[],2026-02-06 15:53:04.404251+00,,true,,[],copun,,[],"Le réseau Natura 2000 compte 94 sites en Normandie, dont 34 intègrent une partie marine — zones littorales, estuaires, bancs de sable. Ce classement encadre les activités humaines sur ces espaces pour protéger les habitats et les espèces qui en dépendent, sans forcément les interdire au public.",,,,,
113,4,COMPRENDRE,Comment la topographie côtière ou la configuration locale peuvent-elles affecter l’état de la mer ?,Expliquer l'influence de la géographie côtière sur l'état de la mer.,"Une baie fermée ou un cap exposé modifient la façon dont la houle entre, les courants, et la vitesse du vent. Une pente douce ou un récif proche peuvent amplifier les vagues","[""État de la mer"",""Topographie côtière"",""Phénomènes physiques""]",[],2026-02-06 15:53:04.404251+00,,true,,[],copun,,[],"Une baie abritée amortit la houle, un cap exposé l'amplifie. Un fond qui remonte doucement lisse les vagues, un haut-fond ou un récif proche du rivage les fait au contraire cabrer et déferler plus fort. Chaque configuration locale change complètement l'état de la mer.",,,,,
114,4,COMPRENDRE,Quels sont les trois critères principaux pour classer les nuages ?,Détailler les critères de classification des nuages.,"Le **niveau d’altitude** (bas, moyen, haut), la **forme** (cumulo- : en amas, strato- : en couches, cirro- : élevé/filamenteux) et la **capacité de précipitation** (par exemple les « nimbus »). Connaître ces critères permet d’identifier rapidement un type de nuage","[""Nuages"",""Classification""]",[],2026-02-06 15:53:04.404251+00,,true,,[],copun,,[],"Les météorologues classent les nuages selon trois critères complémentaires : leur altitude (bas, moyen, haut), leur forme (en couches, en amas, filamenteux) et leur capacité à donner de la pluie. Combinés, ces critères permettent d'identifier un nuage et d'anticiper le temps qu'il annonce.",,,,,
115,4,COMPRENDRE,Quel type de nuage indique souvent des orages ou des conditions instables ?,Identifier le nuage annonciateur d'orages.,"Le nuage Cumulonimbus : développement vertical important, capable de produire pluie intense, grêle, tonnerre.","[""Nuages"",""Orages"",""Météo""]",[],2026-02-06 15:53:04.404251+00,,true,,[],copun,,[],"Le cumulonimbus est reconnaissable à son développement vertical impressionnant, parfois jusqu'à 12 km de haut, en forme d'enclume à son sommet. C'est le nuage responsable des orages, de la grêle et des rafales violentes — à éviter absolument en mer.",,,,,
116,4,COMPRENDRE,Qu’est-ce que « la phénologie de la migration » et comment celle-ci évolue en Normandie ?,Définir la phénologie de la migration et son évolution en Normandie.,"La phénologie de la migration désigne le moment (date) auquel les oiseaux migrateurs commencent ou terminent leur migration. En Normandie, par exemple, certaines hirondelles et martinets arrivent ~18 jours plus tôt qu’il y a 50 ans","[""Migrations"",""Oiseaux migrateurs"",""Phénologie""]",[],2026-02-06 15:53:04.404251+00,,true,,[],copun,,[],"La phénologie, c'est le calendrier naturel des migrations : dates d'arrivée et de départ. Le suivi mené depuis les années 1980 par les ornithologues normands montre un décalage progressif de ce calendrier, différent selon les espèces — certaines avancent leur passage, d'autres le retardent.",,,,,
117,4,COMPRENDRE,Comment le changement climatique peut-il influencer les migrations d’oiseaux en Normandie ?,Expliquer l'impact du changement climatique sur les migrations.,"Il peut modifier les dates de départ ou d’arrivée (phénologie), la répartition des espèces, ou la durée d’hivernage. Exemple : les hirondelles arrivent plus tôt.","[""Changement climatique"",""Migrations"",""Oiseaux migrateurs""]",[],2026-02-06 15:53:04.404251+00,,true,,[],copun,,[],"Un climat plus doux plus tôt dans l'année pousse certains oiseaux à avancer leur retour, pour profiter d'une période favorable qui commence plus tôt. Mais toutes les espèces ne s'adaptent pas au même rythme, ce qui peut créer un décalage entre l'arrivée des oiseaux et la disponibilité de leur nourriture habituelle.",,,,,
118,4,COMPRENDRE,Quel est le rôle des courants marins dans la distribution des nutriments dans l’océan ?,Comprendre l'importance des courants marins pour les nutriments.,"Les courants transportent de l’eau riche en nutriments depuis les profondeurs ou les zones fertiles vers la surface ou vers d’autres régions, permettant à la chaîne alimentaire de prospérer","[""Courants marins"",""Nutriments"",""Océanographie""]",[],2026-02-06 15:53:04.404251+00,,true,,[],copun,,[],"En profondeur, l'eau est froide et chargée en nutriments accumulés au fil du temps. Certains courants la font remonter vers la surface (upwelling) : le phytoplancton peut alors s'en nourrir et prospérer, nourrissant à son tour toute la chaîne alimentaire.",,,,,
119,4,COMPRENDRE,Quels sont les trois grands facteurs qui entraînent les courants de surface ?,Identifier les facteurs moteurs des courants de surface.,"Le vent, la rotation de la Terre (effet de Coriolis) et la forme des côtes / fonds marins","[""Courants marins"",""Facteurs"",""Océanographie""]",[],2026-02-06 15:53:04.404251+00,,true,,[],copun,,[],"À la surface, le vent pousse l'eau ; en profondeur, la rotation de la Terre (effet Coriolis) dévie sa trajectoire ; et la forme des côtes et des fonds marins canalise ou détourne ce mouvement. Les trois s'additionnent pour dessiner les grands courants de surface.",,,,,
12,3,COMPRENDRE,Comment les marées de mortes eaux et de vives eaux influent sur le « vivant » et les activités humaines ?,Comprendre l'impact des différents cycles de marée.,Certaines espèces ne se reproduisent qu'en période de vives-eaux.,"[""biodiversite_saisonnalite"",""activites_humaines""]","[""marée"",""coefficient"",""écosystème""]",2026-02-06 15:53:04.404251+00,,true,,[],copun,,[],"En vive-eau, l'estran découvre très loin et les courants sont puissants : certaines espèces synchronisent justement leur ponte sur ces grandes marées pour que leurs larves profitent d'un fort courant de dispersion. En morte-eau, l'amplitude réduite offre au contraire des conditions plus calmes pour d'autres activités.",,,,,
120,1,OBSERVER,Avant de s’engager sur l’eau quel comportement d’observation est recommandé ?,Décrire le protocole d'observation pré-activité nautique.,"Prendre quelques minutes pour observer : la mer depuis le rivage, noter la fréquence des vagues grandes (sets), voir où elles cassent, identifier zones plus calmes (canaux), et vérifier que les conditions correspondent à ce que vous pouvez gérer","[""Observation"",""Sécurité nautique"",""Préparation"",""lecture_paysage"",""reperes_spatio_temporels""]","[""courant"",""coefficient"",""vocabulaire"",""marée""]",2026-02-06 15:53:04.404251+00,,true,,[],copun,,[],"Avant d'entrer dans l'eau, quelques minutes d'observation depuis le rivage suffisent souvent à éviter un problème : repérer la fréquence des grosses séries de vagues, où elles cassent, s'il existe une zone plus calme pour sortir en cas de besoin, et si l'ensemble correspond bien à son propre niveau.",,,,,
121,4,OBSERVER,Quelle alerte visuelle peut indiquer une montée rapide du vent ou un changement de conditions maritimes ?,Identifier les signes visuels d'un changement rapide des conditions maritimes.,"Par exemple : drapeaux qui se dressent, mousse étendue à la surface, nuages d’orage qui arrivent, diminution soudaine de visibilité. Ces signes indiquent de renforcer la vigilance ou de différer la sortie","[""Alertes météo"",""Sécurité nautique"",""Observation""]",[],2026-02-06 15:53:04.404251+00,,true,,[],copun,,[],"Certains signaux annoncent un changement rapide des conditions : des drapeaux qui se raidissent d'un coup, de l'écume qui s'étend sur l'eau, des nuages sombres qui approchent vite, ou l'horizon qui devient soudain flou. Ces signes doivent pousser à renforcer la vigilance, voire à différer la sortie.",,,,,
122,4,OBSERVER,Quelle différence principale existe entre une houle et une vague de vent  ?,Distinguer houle et vague de vent.,"Une vague de vent est générée localement par le vent soufflant à proximité / dans la même zone, alors qu’une houle a voyagé hors de la zone de génération, le vent local ne la contrôle plus directement. **Commentaire** : On peut souvent reconnaître une houle à ses longues périodes d’onde et sa régularité.","[""Houle"",""Vagues"",""Différences""]",[],2026-02-06 15:53:04.404251+00,,true,,[],copun,,[],"Une vague de vent naît et meurt sur place, sous le contrôle direct du vent local : elle s'arrête dès qu'il tombe. Une houle, elle, continue son chemin bien après que le vent qui l'a créée a cessé de souffler, parfois à des centaines de kilomètres de sa zone d'origine.",,,,,
123,4,OBSERVER,Quel rôle joue l’orientation (direction) de la houle pour une plage ou un spot côtier ?,Comprendre l'influence de l'orientation de la houle.,"L’angle d’arrivée de la houle par rapport à la côte influence comment les vagues vont « prendre » la côte : une houle bien orientée face au littoral aura plus de potentiel pour produire de bonnes vagues, tandis qu’une houle venant de travers peut être moins efficace ou dégradée","[""Houle"",""Vagues"",""Orientation""]",[],2026-02-06 15:53:04.404251+00,,true,,[],copun,,[],"Une houle qui arrive de face sur une plage concentre son énergie directement sur le rivage. Une houle qui arrive de biais perd une partie de cette énergie en glissant le long de la côte — ce qui change fortement la taille et la qualité des vagues d'un spot à un autre, même avec la même houle au large.",,,,,
124,4,OBSERVER,Pourquoi est-il utile de connaître les conditions de houle avant une activité nautique ou littorale ?,Expliquer l'importance de connaître les conditions de houle.,"Parce que la houle influence la hauteur des vagues, la période, l’énergie transmise, le moment d’arrivée des séries de vagues, et donc la sécurité (ex : pour baignade, surf, navigation) et l’érosion côtière. Même par vent calme, une grande houle lointaine peut provoquer des vagues puissantes ou des surcôtes","[""Houle"",""Sécurité nautique"",""Érosion côtière""]",[],2026-02-06 15:53:04.404251+00,,true,,[],copun,,[],"Une houle générée par une tempête lointaine peut arriver sur une côte totalement calme et sans vent local, provoquant des vagues fortes et inattendues, voire une érosion accélérée. Se fier uniquement au temps qu'il fait sur place, sans vérifier la houle, peut donc être trompeur.",,,,,
125,4,PROTÉGER,Quel est le lien entre consommation responsable et sensibilisation à l’environnement ?,Établir le lien entre consommation responsable et sensibilisation environnementale.,"Une personne sensibilisée fait des choix plus responsables (produits durables, moins de déchets, consommation raisonnée) ce qui réduit l’impact environnemental","[""Consommation responsable"",""Sensibilisation"",""Environnement""]",[],2026-02-06 15:53:04.404251+00,,true,,[],copun,,[],"Comprendre pourquoi un geste compte pousse naturellement à mieux choisir ce qu'on achète : privilégier un produit réparable, refuser un emballage inutile, réduire sa consommation de plastique. La sensibilisation nourrit les choix, et les choix répétés finissent par peser sur les pratiques des entreprises elles-mêmes.",,,,,
126,4,PROTÉGER,Quelle est la différence entre sensibilisation et action environnementale ?,Distinguer sensibilisation et action environnementale.,"La sensibilisation concerne la prise de conscience et l’information ; l’action est l’application concrète (changer des habitudes, participer à des initiatives).","[""Sensibilisation"",""Action environnementale""]",[],2026-02-06 15:53:04.404251+00,,true,,[],copun,,[],"Savoir qu'un problème existe ne suffit pas à le résoudre : c'est le pas suivant, celui de changer concrètement une habitude ou de participer à une initiative, qui produit un effet réel. Les deux sont complémentaires, mais l'un ne remplace jamais l'autre.",,,,,
127,4,PROTÉGER,Pourquoi dit-on parfois qu’« il n’est pas trop tard » pour agir en matière de climat et environnement ?,Expliquer l'espoir d'action face aux défis climatiques.,"Parce que même si certains effets du changement sont déjà irréversibles, la réduction des émissions, l’adaptation et les transitions vers des modes de vie plus durables peuvent limiter les risques futurs et améliorer la résilience des sociétés","[""Changement climatique"",""Action environnementale"",""Résilience""]",[],2026-02-06 15:53:04.404251+00,,true,,[],copun,,[],Certains effets du changement climatique sont déjà engagés et ne peuvent plus être totalement annulés. Mais l'ampleur des dégâts futurs dépend encore largement des décisions prises aujourd'hui : réduire les émissions et s'adapter maintenant limite les risques les plus graves de demain.,,,,,
128,4,PROTÉGER,Pourquoi la présence de mammifères marins en Normandie est-elle un sujet de suivi et de préoccupation ?,Comprendre l'importance du suivi des mammifères marins comme indicateurs écologiques.,"Parce que ces espèces sont souvent situées au sommet de la chaîne trophique, sont sensibles aux modifications de leur milieu (pollution, bruit sous-marin, changement climatique) et leur état permet d’évaluer l’état global de l’écosystème marin. Leur suivi est donc une forme de “sentinelle” pour la biodiversité marine.","[""Mammifères marins"",""Biodiversité marine"",""Indicateurs écologiques"",""Pollution""]",[],2026-02-06 15:53:04.404251+00,,true,,[],copun,,[],"Les mammifères marins occupent le sommet de la chaîne alimentaire marine et vivent longtemps : ils accumulent donc dans leur organisme les effets d'une pollution ou d'une dégradation du milieu sur plusieurs années. Leur suivi permet ainsi de repérer des signaux d'alerte pour tout l'écosystème, bien avant qu'ils ne deviennent visibles ailleurs.",,,,,
13,1,OBSERVER,Comment sait-on que l'eau monte et descend ?,"Identifier des repères visuels simples (rochers, poteaux) pour voir la marée.",Choisissez un point fixe et regardez le niveau de l'eau par rapport à lui à 5 minutes d'intervalle.,"[""lecture_paysage""]","[""marée"",""repères visuels""]",2026-02-06 15:53:04.404251+00,,true,,[],copun,,[],"À l'œil nu, la marée est trop lente pour se voir en direct — il faut comparer le niveau de l'eau à un repère fixe (rocher, poteau) à quelques minutes d'intervalle pour voir la différence.",,,,,
14,1,OBSERVER,Comment sait-on jusqu'où la mer va monter ?,Repérer la laisse de haute mer pour anticiper le niveau d'eau.,"La ligne de débris (algues, bois...) laissée par la dernière marée haute est le meilleur indice.","[""lecture_paysage"",""impact_presence_humaine""]","[""marée"",""laisse de mer"",""repères visuels""]",2026-02-06 15:53:04.404251+00,,true,,[],copun,,[],"La ligne de débris déposée par la mer (laisse de mer) marque exactement le niveau atteint par la dernière marée haute. En repérant cette ligne dès l'arrivée, on sait jusqu'où l'eau est déjà montée aujourd'hui — et donc jusqu'où elle risque de monter encore.",,,,,
15,2,OBSERVER,Comment savoir où poser mon matériel quand j'arrive sur l'estran ?,Adapter sa pratique en observant la marée pour des raisons de sécurité.,Regardez toujours la laisse de mer et mettez vos affaires plus haut !,"[""lecture_paysage"",""cohabitation_vivant""]","[""marée"",""sécurité""]",2026-02-06 15:53:04.404251+00,,true,,[],copun,,[],"La laisse de mer d'aujourd'hui n'indique que la marée précédente : si le coefficient augmente, la mer montera plus haut que la fois d'avant. Poser ses affaires nettement au-dessus de cette ligne évite la mauvaise surprise du matériel emporté.",,,,,
16,1,PROTÉGER,Pourquoi respecter les zones de reproduction selon les cycles de marée ?,Comprendre que certaines zones de l'estran sont des nurseries.,Des milliers d'oeufs ou de bébés animaux peuvent être cachés sous vos pieds.,"[""cohabitation_vivant""]","[""zone sensible"",""marée""]",2026-02-06 15:53:04.404251+00,,true,,[],copun,,[],"L'estran découvert à marée basse abrite des œufs, des larves et de jeunes animaux enfouis dans le sable ou cachés sous les rochers. Un pas suffit parfois à écraser une ponte entière — invisible mais bien présente sous la surface.",,,,,
17,1,COMPRENDRE,Comment se forme le vent ?,Comprendre les bases des différences de pression atmosphérique.,Le vent est juste de l'air qui se déplace d'une zone de 'haute pression' (beaucoup d'air) à une zone de 'basse pression' (peu d'air).,"[""interactions_climatiques""]","[""vent"",""météo""]",2026-02-06 15:53:04.404251+00,,true,,[],copun,,[],"L'air se déplace toujours d'une zone où il y en a beaucoup (haute pression) vers une zone où il y en a moins (basse pression), un peu comme l'air qui s'échappe d'un ballon. Plus l'écart de pression est grand, plus le vent souffle fort.",,,,,
18,1,COMPRENDRE,Qu'est-ce qu'une brise thermique ?,Comprendre le phénomène de vent local lié à l'échauffement de la terre.,"En journée, la terre chauffe plus vite que la mer. L'air chaud de la terre monte, et l'air frais de la mer prend sa place.","[""interactions_climatiques""]","[""vent"",""météo"",""thermique""]",2026-02-06 15:53:04.404251+00,,true,,[],copun,,[],"En journée, la terre chauffe plus vite que la mer. L'air chaud au-dessus du sol monte, laissant la place à l'air plus frais venu du large : c'est la brise de mer, qui se lève souvent en début d'après-midi. La nuit, le phénomène s'inverse (brise de terre).",,,,,
19,2,COMPRENDRE,Comment le vent influence-t-il les activités nautiques ?,Comprendre la relation entre force/direction du vent et la pratique.,"Un vent de terre peut vous éloigner du bord, un vent de mer peut rendre la rentrée difficile.","[""interactions_climatiques"",""activites_humaines""]","[""vent"",""sécurité""]",2026-02-06 15:53:04.404251+00,,true,,[],copun,,[],"Un vent de terre pousse vers le large sans qu'on s'en rende toujours compte près du bord, ce qui peut rendre le retour difficile ou impossible en pagayant. Un vent de mer, à l'inverse, peut créer du clapot juste devant la plage et compliquer une sortie de l'eau.",,,,,
2,1,COMPRENDRE,Comment connaît-on les heures de marée ?,"Savoir qu'il existe des outils (annuaires, applications) pour connaître les horaires.",Les cycles sont si réguliers qu'on peut les calculer des années à l'avance.,"[""reperes_spatio_temporels""]","[""marée""]",2026-02-06 15:53:04.404251+00,,true,,[],copun,,[],"Les marées suivent un cycle astronomique parfaitement régulier, calculable à l'avance. Le SHOM (Service Hydrographique et Océanographique de la Marine) publie des annuaires officiels donnant les horaires pour tous les ports français, des années à l'avance.",,,,,
20,1,OBSERVER,Comment repère-t-on d'où vient le vent ?,Identifier des indices visuels pour déterminer la direction du vent.,"Regardez les drapeaux, la fumée, les rideaux d'eau sur la mer, ou même mettez votre doigt mouillé en l'air !","[""lecture_paysage""]","[""vent"",""repères visuels""]",2026-02-06 15:53:04.404251+00,,true,,[],copun,,[],"Le vent laisse des traces visibles : un drapeau qui claque, de la fumée qui dérive, des rides sur l'eau. Tous pointent dans la direction où le vent souffle — il suffit de remonter le fil.",,,,,
200,1,COMPRENDRE,Pourquoi y a-t-il des méduses certains jours et pas d'autres ?,Comprendre que les méduses ne nagent pas où elles veulent : ce sont le vent et les courants qui les amènent près du bord.,"Le jour où il y en a beaucoup, demandez d'où vient le vent : c'est presque toujours lui qui les a poussées vers la plage.","[""caracteristiques_littoral"",""interactions_elements_climatiques""]","[""méduse"",""vent"",""biodiversité""]",2026-08-08 09:25:58.418064+00,,true,,[],copun,,[],"Les méduses se déplacent très peu par elles-mêmes : elles dérivent. Un vent qui souffle vers la côte pendant un ou deux jours suffit à ramener vers le bord des bancs entiers qui vivaient au large. C'est pour cela qu'elles arrivent souvent toutes en même temps, puis disparaissent quand le vent tourne.","Vous avez vu combien de méduses aujourd'hui ? À votre avis, elles ont décidé de venir ici, ou quelqu'un les a poussées ?","Regardez le sens du vent sur l'eau, et cherchez si les méduses sont toutes du même côté — souvent elles s'accumulent là où le vent pousse.",La méduse ne choisit pas où elle va : c'est le vent et les courants qui la déplacent.,"Beaucoup pensent que les méduses viennent « attaquer » la plage. Elles ne viennent pas vers nous : elles se laissent porter, et parfois ça les amène ici.","[""Vous en avez vu combien aujourd'hui ? À votre avis, elles ont décidé de venir ici, ou quelqu'un les a poussées ?"",""Regardez d'où vient le vent. Maintenant regardez où sont les méduses. Vous voyez quelque chose ?"",""Une méduse, ça nage où ça veut. Qui est d'accord ?""]"
201,1,OBSERVER,Comment reconnaître les méduses qu'on croise ici ?,Savoir distinguer les principales méduses locales et repérer lesquelles sont urticantes.,"Faites-les observer sans toucher, à l'épuisette ou depuis le bord : la couleur et les dessins sur l'ombrelle suffisent à les différencier.","[""observation_sensorielle"",""caracteristiques_littoral""]","[""méduse"",""biodiversité"",""observation""]",2026-08-08 09:25:58.418064+00,,true,,[],copun,,[],"Sur nos côtes, l'aurélie (translucide, quatre anneaux violets bien visibles) est la plus fréquente et n'est pratiquement pas urticante. La rhizostome, plus grosse et bleutée, est impressionnante mais peu piquante. La méduse boussole, avec ses traits bruns en rayons, pique nettement plus.",Regardez celle-là : vous voyez les quatre ronds sur son dos ? C'est comme sa carte d'identité. Chaque méduse a son dessin.,"La forme de l'ombrelle, la couleur, et surtout les dessins dessus : quatre anneaux violets, des rayons bruns, ou rien du tout.","On reconnaît une méduse à ses dessins, et tous les dessins ne piquent pas pareil.","On croit souvent que toutes les méduses piquent fort. La plus courante ici, l'aurélie aux quatre anneaux, ne pique quasiment pas.","[""Regardez celle-là : vous voyez les quatre ronds sur son dos ? C'est comme sa carte d'identité."",""Il y a plusieurs sortes de méduses ici. Vous sauriez me dire laquelle pique et laquelle ne pique pas ?"",""Toutes les méduses piquent très fort. Vrai ou faux ?""]"
202,1,PROTÉGER,Que faire quand on trouve une méduse échouée sur la plage ?,"Adopter le bon geste face à une méduse échouée : ne pas toucher, ne pas détruire, comprendre son rôle.","C'est le moment idéal pour rappeler qu'un animal échoué reste un animal vivant ou utile — on observe, on ne piétine pas.","[""caracteristiques_littoral"",""observation_sensorielle""]","[""méduse"",""biodiversité"",""gestes""]",2026-08-08 09:25:58.418064+00,,true,,[],copun,,[],"Une méduse échouée reste urticante plusieurs heures, même morte et même en morceaux : ses cellules piquantes fonctionnent encore. Elle n'est pas un déchet — elle nourrit les oiseaux et d'autres animaux, et sa présence renseigne sur l'état de la mer.","Celle-là est sur le sable, elle ne bouge plus. Est-ce qu'on peut la toucher, à votre avis ?","Approchez-vous sans toucher : regardez si elle est entière, si des oiseaux sont venus, si d'autres sont échouées au même endroit.","Une méduse échouée pique encore. On la regarde, on ne la touche pas, on ne l'écrase pas.","Beaucoup pensent qu'une méduse échouée ou morte ne pique plus. C'est faux : elle pique encore, et même un morceau de tentacule dans le sable peut piquer.","[""Celle-là est sur le sable, elle ne bouge plus. Est-ce qu'on peut la toucher, à votre avis ?"",""Il y a une méduse échouée là-bas. Qu'est-ce qu'on en fait ?"",""Une méduse morte, ça ne pique plus. Qui pense que c'est vrai ?""]"
21,2,OBSERVER,Pourquoi dois-tu toujours te soucier du sens du vent et de sa force ?,Intégrer l'observation du vent comme un réflexe de sécurité.,"Le vent est votre moteur, mais aussi votre principal adversaire potentiel. Ne lui tournez jamais le dos.","[""reperes_spatio_temporels""]","[""vent"",""sécurité""]",2026-02-06 15:53:04.404251+00,,true,,[],copun,,[],"Le vent peut aider à avancer ou pousser vers le danger selon sa direction. Sur l'eau, ne jamais perdre le fil de sa force et de son sens permet d'anticiper une évolution des conditions et de garder toujours un chemin de retour possible vers le bord.",,,,,
22,3,OBSERVER,"Pourquoi je peux savoir qu'une ""brise thermique"" va se former ?","Anticiper la brise en observant les conditions (ciel clair, peu de vent le matin).","Si le soleil tape fort le matin et qu'il n'y a pas de vent, attendez-vous à ce que la brise se lève en début d'après-midi.","[""reperes_spatio_temporels"",""interactions_climatiques""]","[""vent"",""météo"",""thermique""]",2026-02-06 15:53:04.404251+00,,true,,[],copun,,[],"Un ciel clair et peu de vent en tout début de matinée sont les ingrédients typiques d'une future brise thermique : le sol va chauffer vite, l'air va s'y élever, et l'air frais du large viendra le remplacer en début d'après-midi. Ce cycle journalier, bien identifié, se répète souvent plusieurs jours de suite en été.",,,,,
23,2,PROTÉGER,Comment adapter sa pratique nautique selon les conditions de vent ?,Savoir réduire sa voilure ou changer de zone pour préserver le matériel et l'environnement.,Naviguer en surpuissance augmente le risque de casse et de dérangement de la faune.,"[""cohabitation_vivant""]","[""vent"",""sécurité"",""adaptation""]",2026-02-06 15:53:04.404251+00,,true,,[],copun,,[],"Une voile trop puissante par rapport au vent oblige à forcer sur le matériel et sur son propre pilotage — ce qui laisse moins d'attention disponible pour repérer un oiseau posé sur l'eau ou une zone sensible à éviter. Adapter sa voilure aux conditions, c'est aussi se donner les moyens de rester vigilant.",,,,,
24,1,COMPRENDRE,Qu'est-ce qui fait bouger l'eau de mer ?,"Comprendre l'origine des courants (marées, vent, différences de densité).",Le courant de marée est souvent le plus puissant près des côtes.,"[""interactions_climatiques""]","[""courant""]",2026-02-06 15:53:04.404251+00,,true,,[],copun,,[],"Trois forces mettent l'eau en mouvement : l'attraction de la Lune et du Soleil (courants de marée), le vent qui pousse la surface (courants de dérive), et de grandes circulations océaniques permanentes liées aux différences de température et de densité de l'eau.",,,,,
25,1,COMPRENDRE,Quels sont les différents types de courants marins ?,"Distinguer les courants de marée, de dérive (vent), et généraux.","Imaginez des rivières invisibles dans la mer, chacune avec sa propre cause.","[""interactions_climatiques""]","[""courant"",""marée"",""vent""]",2026-02-06 15:53:04.404251+00,,true,,[],copun,,[],"Les courants de marée changent de sens toutes les 6h, les courants de dérive suivent le vent du moment, et les courants généraux (comme le Gulf Stream) circulent presque toujours dans la même direction, sur des milliers de kilomètres.",,,,,
26,2,COMPRENDRE,Comment les courants influencent-ils la navigation ?,Comprendre l'impact des courants sur la vitesse et la trajectoire.,Un courant de 2 nœuds peut doubler votre vitesse ou vous arrêter complètement !,"[""interactions_climatiques""]","[""courant"",""sécurité""]",2026-02-06 15:53:04.404251+00,,true,,[],copun,,[],"Un courant s'additionne ou se soustrait à la vitesse d'un bateau ou d'un nageur selon qu'on le prend dans le sens ou à contre-sens. Ignorer un courant fort, c'est risquer d'être déporté loin de sa trajectoire prévue, parfois vers le large.",,,,,
27,1,OBSERVER,Comment repère-t-on le sens du courant ?,Identifier des indices visuels pour déterminer le sens du courant.,Regardez l'eau qui s'écoule autour d'une bouée ou d'un poteau. La 'moustache' d'écume indique le sens.,"[""lecture_paysage""]","[""courant"",""repères visuels""]",2026-02-06 15:53:04.404251+00,,true,,[],copun,,[],"L'eau qui s'écoule autour d'un obstacle fixe — une bouée, un poteau — forme un petit remous ou une traînée d'écume du côté vers lequel elle pousse. Cette « moustache » indique directement le sens du courant.",,,,,
28,2,OBSERVER,Pourquoi dois-tu vérifier le sens du courant ?,Intégrer l'observation du courant pour la sécurité et la performance.,Aller contre le courant peut vous épuiser et vous mettre en danger.,"[""reperes_spatio_temporels""]","[""courant"",""sécurité""]",2026-02-06 15:53:04.404251+00,,true,,[],copun,,[],"Un courant qu'on ignore peut doubler l'effort nécessaire pour avancer, ou au contraire déporter loin de sa trajectoire prévue sans qu'on s'en rende compte immédiatement. Vérifier son sens avant de partir permet d'économiser son énergie et d'éviter d'être emmené là où on ne voulait pas aller.",,,,,
29,2,PROTÉGER,Comment naviguer de façon responsable face aux courants ?,Comprendre que les courants sont des corridors de vie à respecter.,Les courants transportent nourriture et larves. Évitez de jeter quoi que ce soit dans ces 'autoroutes' de la vie marine.,"[""cohabitation_vivant""]","[""courant"",""zone sensible""]",2026-02-06 15:53:04.404251+00,,true,,[],copun,,[],"Les courants ne transportent pas que de l'eau : ils déplacent aussi le plancton, les larves de poissons et de crustacés, la nourriture de nombreuses espèces. Un déchet jeté dans un courant fort peut donc voyager loin et affecter des milieux bien au-delà du point où il a été abandonné.",,,,,
3,1,COMPRENDRE,Pourquoi l'heure de la marée n'est pas la même partout ?,Comprendre que la forme des côtes influence la propagation de l'onde de marée.,Imaginez l'onde de marée comme une vague géante qui doit contourner des obstacles.,"[""caracteristiques_littoral""]","[""marée"",""zone rocheuse"",""chenal""]",2026-02-06 15:53:04.404251+00,,true,,[],copun,,[],"La marée n'est pas un simple ""niveau qui monte"" partout en même temps : c'est une onde qui se propage depuis l'océan et doit contourner les caps, entrer dans les baies, remonter les estuaires. Chaque obstacle géographique retarde ou accélère son passage, d'où des horaires différents d'une plage à l'autre.",,,,,
30,1,COMPRENDRE,Comment se forment les vagues ?,Comprendre que les vagues sont principalement créées par le vent.,"Plus le vent souffle fort, longtemps et sur une grande distance, plus les vagues sont grosses.","[""interactions_climatiques""]","[""vague"",""vent""]",2026-02-06 15:53:04.404251+00,,true,,[],copun,,[],"Le vent frotte sur la surface de l'eau et lui transmet de l'énergie : plus il souffle fort, longtemps, et sur une grande étendue d'eau libre (le fetch), plus les vagues qu'il crée sont hautes et puissantes.",,,,,
31,1,COMPRENDRE,Quelle est la différence entre vagues et houle ?,Distinguer la mer du vent (local) de la houle (formée au large).,"La houle est une onde longue et régulière, la mer du vent est courte et désordonnée.","[""interactions_climatiques""]","[""vague"",""houle""]",2026-02-06 15:53:04.404251+00,,true,,[],copun,,[],"La mer du vent est créée localement : courte, désordonnée, elle suit les sautes du vent. La houle, elle, vient d'une tempête parfois lointaine — en voyageant, elle s'organise et devient régulière. On peut avoir de la houle par temps calme.",,,,,
32,2,COMPRENDRE,Comment se produit le déferlement des vagues ?,Comprendre que le déferlement est dû à la rencontre avec les fonds marins.,"Quand la profondeur de l'eau devient trop faible, la vague 'trébuche' et déferle.","[""interactions_climatiques"",""caracteristiques_littoral""]","[""vague"",""zone rocheuse""]",2026-02-06 15:53:04.404251+00,,true,,[],copun,,[],"En pleine mer, une vague avance librement. Mais en s'approchant du rivage, le fond remonte : la base de la vague ralentit à cause du frottement, alors que le sommet continue d'avancer. Il finit par dépasser la base et s'effondre — c'est le déferlement.",,,,,
33,1,OBSERVER,Comment décrirais-tu l'état de la mer ?,"Apprendre à qualifier la mer (calme, agitée, clapoteuse...).",Utilisez des mots simples pour décrire ce que vous voyez. Y a-t-il de l'écume ? Les vagues sont-elles hautes ?,"[""lecture_paysage""]","[""vague"",""météo""]",2026-02-06 15:53:04.404251+00,,true,,[],copun,,[],"Les marins utilisent une échelle simple pour décrire l'état de la mer : plate, ridée, clapoteuse, avec ou sans moutons (écume sur les crêtes, qui apparaît généralement à partir d'un vent de force 3). Cette description rapide en dit long sur les conditions du moment.",,,,,
34,2,OBSERVER,Comment est la forme des vagues ?,Analyser la forme des vagues pour anticiper leur comportement.,Des vagues creuses et rapides sont plus dangereuses que des vagues douces et lentes.,"[""lecture_paysage""]","[""vague""]",2026-02-06 15:53:04.404251+00,,true,,[],copun,,[],"Une vague douce et longue laisse le temps de réagir. Une vague courte et creuse, elle, casse plus brutalement et de façon moins prévisible — c'est ce type de vague, plus que la hauteur seule, qui rend une mer dangereuse pour une petite embarcation.",,,,,
35,3,OBSERVER,Pourquoi le déferlement est le moment clé de la vague ?,Comprendre que c'est le moment où l'énergie de la vague est libérée.,Observer la zone de déferlement est essentiel pour la sécurité en surf ou en kayak.,"[""lecture_paysage""]","[""vague"",""sécurité""]",2026-02-06 15:53:04.404251+00,,true,,[],copun,,[],"Tant qu'elle n'a pas déferlé, une vague transporte de l'énergie sans grand danger : elle soulève simplement l'eau. C'est au moment où elle déferle que cette énergie se libère d'un coup, créant turbulence et force d'impact — d'où l'importance de repérer où et comment ça casse avant de s'engager.",,,,,
36,3,OBSERVER,Pourquoi vagues et houle sont liés ?,Comprendre comment la houle se transforme en vagues en arrivant à la côte.,"Vous pouvez avoir de la houle sans vent local, mais pas l'inverse.","[""interactions_climatiques""]","[""vague"",""houle"",""vent""]",2026-02-06 15:53:04.404251+00,,true,,[],copun,,[],"En arrivant près de la côte, la houle qui voyageait au large rencontre des fonds de moins en moins profonds : elle ralentit, se cambre, et finit par déferler comme une vague classique. Houle et vague ne sont donc pas deux phénomènes séparés, mais deux étapes d'un même mouvement d'eau.",,,,,
37,2,PROTÉGER,Comment respecter les zones sensibles lors de la pratique du surf ?,Éviter de piétiner des zones fragiles et de déranger la faune.,Utilisez les accès prévus et ne marchez pas sur les rochers couverts d'algues ou de coquillages.,"[""cohabitation_vivant"",""impact_presence_humaine""]","[""vague"",""zone sensible""]",2026-02-06 15:53:04.404251+00,,true,,[],copun,,[],"Rochers couverts d'algues, mares résiduelles ou anfractuosités abritent souvent une vie discrète mais dense — anémones, petits crabes, alevins. Rester sur les sentiers ou les zones de sable dégagé évite d'écraser sans le voir tout un pan de cet écosystème.",,,,,
38,1,COMPRENDRE,Pourquoi la météo est-elle différente en mer qu'à terre ?,Comprendre l'inertie thermique de l'eau et son influence.,"La mer est plus lente à se réchauffer et à se refroidir que la terre, ce qui adoucit le climat côtier.","[""interactions_climatiques""]","[""météo""]",2026-02-06 15:53:04.404251+00,,true,,[],copun,,[],"L'eau met beaucoup plus de temps à chauffer ou refroidir que la terre (forte inertie thermique). Cette lenteur adoucit les écarts de température près des côtes, mais elle alimente aussi des masses d'air très différentes qui se rencontrent et créent une météo changeante.",,,,,
39,1,COMPRENDRE,Comment se forment les nuages ?,Comprendre le cycle de l'eau et la condensation.,Les nuages sont simplement des gouttelettes d'eau ou des cristaux de glace en suspension.,"[""interactions_climatiques""]","[""météo"",""nuage""]",2026-02-06 15:53:04.404251+00,,true,,[],copun,,[],"L'eau s'évapore en permanence depuis les océans. En montant, cet air humide se refroidit ; la vapeur d'eau se condense alors en minuscules gouttelettes autour de particules en suspension (poussière, sel marin) — c'est un nuage.",,,,,
4,1,COMPRENDRE,Comment s'appelle la zone qui se couvre et se découvre avec la marée ?,Connaître le mot 'estran' et sa signification.,C'est un des milieux les plus riches et extrêmes de la planète.,"[""caracteristiques_littoral""]","[""marée"",""estran""]",2026-02-06 15:53:04.404251+00,,true,,[],copun,,[],"L'estran est soumis à des conditions extrêmes : immergé puis à l'air libre, chaud puis froid, humide puis desséché — parfois plusieurs fois par jour. Peu d'organismes supportent un tel grand écart, ce qui en fait un milieu à la fois pauvre en espèces généralistes et riche en espèces hyper-spécialisées.",,,,,
40,2,COMPRENDRE,Comment évolue la météo marine ?,Comprendre que le temps peut changer très vite en mer.,Consultez toujours la météo avant de partir et continuez à observer le ciel.,"[""reperes_spatio_temporels""]","[""météo"",""sécurité""]",2026-02-06 15:53:04.404251+00,,true,,[],copun,,[],"En mer, aucun relief ne freine les systèmes météo (dépressions, fronts) : ils se déplacent librement et peuvent faire basculer les conditions en quelques dizaines de minutes, alors qu'à terre le même système met plus de temps à arriver.",,,,,
41,1,OBSERVER,Comment décrirais-tu l'état du ciel ?,"Apprendre à qualifier le ciel (clair, nuageux, menaçant...).",Les couleurs du ciel au lever et au coucher du soleil peuvent donner des indices sur le temps à venir.,"[""lecture_paysage""]","[""météo"",""nuage""]",2026-02-06 15:53:04.404251+00,,true,,[],copun,,[],"Un ciel se décrit par sa couverture nuageuse (dégagé, voilé, couvert), sa couleur et sa luminosité. Ces indices simples, observés régulièrement, permettent de sentir un changement de temps avant même de consulter une prévision.",,,,,
42,2,OBSERVER,Comment est la forme des nuages ?,Reconnaître quelques types de nuages de base et leur signification.,Les gros nuages sombres (cumulonimbus) annoncent souvent des orages.,"[""lecture_paysage""]","[""météo"",""nuage"",""repères visuels""]",2026-02-06 15:53:04.404251+00,,true,,[],copun,,[],"La forme d'un nuage donne des indices sur le temps à venir : un nuage fin et filandreux en altitude annonce souvent un changement en douceur, un nuage qui gonfle verticalement signale de l'instabilité, une nappe grise uniforme indique un temps stable mais couvert.",,,,,
43,2,PROTÉGER,Comment anticiper pour la sécurité et la préservation ?,Comprendre qu'anticiper la météo permet de ne pas se mettre en danger ni de déranger la faune.,Un orage peut être dangereux pour vous et stressant pour les animaux.,"[""cohabitation_vivant""]","[""météo"",""sécurité"",""adaptation""]",2026-02-06 15:53:04.404251+00,,true,,[],copun,,[],"Vérifier la météo avant de sortir protège à la fois le pratiquant, qui évite d'être surpris par un coup de vent ou un orage, et la faune locale, qui subit un stress supplémentaire si des activités humaines se poursuivent en pleine dégradation des conditions.",,,,,
44,1,COMPRENDRE,Comment se forment les dunes ?,Comprendre le rôle du vent et des plantes dans la formation des dunes.,C'est le sable transporté par le vent qui est piégé par les plantes pionnières.,"[""caracteristiques_littoral""]","[""dune"",""vent""]",2026-02-06 15:53:04.404251+00,,true,,[],copun,,[],"Le vent transporte le sable sec de la plage vers l'intérieur des terres. Dès qu'il rencontre un obstacle — une touffe d'oyat, un morceau de bois — le sable s'y accumule peu à peu. C'est ainsi qu'une dune grandit, année après année.",,,,,
45,2,COMPRENDRE,"Pourquoi, le massif dunaire est composé de plusieurs strates ?",Comprendre l'étagement de la végétation dunaire.,"De la plage vers l'intérieur : plantes pionnières, dune mobile, dune grise, forêt.","[""caracteristiques_littoral"",""biodiversite_saisonnalite""]","[""dune"",""écosystème""]",2026-02-06 15:53:04.404251+00,,true,,[],copun,,[],"Une dune n'est jamais figée : plus on s'éloigne de la plage, plus la végétation change, car chaque zone est protégée différemment du vent et des embruns salés. Les plantes pionnières colonisent le sable mobile, puis d'autres espèces s'installent à mesure que le sol se stabilise.",,,,,
46,1,OBSERVER,Comment décrirais-tu l'état de la plage ?,"Apprendre à observer les différents éléments de la plage (sable, galets, dunes).","Regardez la couleur du sable, la taille des galets, la hauteur des dunes.","[""lecture_paysage""]","[""dune""]",2026-02-06 15:53:04.404251+00,,true,,[],copun,,[],"Chaque plage a sa propre carte d'identité : couleur et grain du sable, présence de galets ou de rochers, hauteur des dunes, largeur de l'estran. Ces éléments racontent l'histoire du lieu — son exposition au vent, à la houle, à l'érosion.",,,,,
47,2,OBSERVER,Pourquoi la dune bouge d'une marée à l'autre ?,Observer les signes d'érosion et d'accumulation de sable.,"Après une tempête, vous pouvez voir des 'falaises' de sable là où la dune a été attaquée par la mer.","[""lecture_paysage""]","[""dune"",""marée"",""érosion""]",2026-02-06 15:53:04.404251+00,,true,,[],copun,,[],"Les vagues et le vent grignotent le sable de la dune côté mer pendant les tempêtes, créant parfois une petite falaise verticale. Entre deux épisodes agités, le vent redépose du sable et la végétation le refixe peu à peu — la dune respire au fil des saisons.",,,,,
48,1,PROTÉGER,Pourquoi les dunes sont fragiles ?,Comprendre que le piétinement détruit la végétation qui retient le sable.,Utilisez toujours les chemins balisés pour traverser les dunes.,"[""impact_presence_humaine"",""cohabitation_vivant""]","[""dune"",""zone sensible"",""érosion""]",2026-02-06 15:53:04.404251+00,,true,,[],copun,,[],"Les racines des plantes dunaires (oyat, chiendent) retiennent le sable comme un filet. Chaque passage répété sur une même zone tasse le sol et abîme ces plantes ; sans elles, le sable redevient mobile et la dune commence à s'éroder — parfois de façon irréversible.",,,,,
49,3,PROTÉGER,Pourquoi on parle de plus en plus du recul du trait de côte ?,Comprendre l'enjeu de l'érosion côtière et du changement climatique.,La montée du niveau de la mer et les tempêtes plus fortes accélèrent ce phénomène naturel.,"[""impact_presence_humaine""]","[""dune"",""érosion""]",2026-02-06 15:53:04.404251+00,,true,,[],copun,,[],"Le recul du trait de côte n'est pas nouveau — les côtes ont toujours bougé — mais il s'accélère : la montée du niveau des mers et des tempêtes plus fréquentes ou plus violentes rongent le littoral plus vite qu'il ne peut se reconstituer naturellement, menaçant parfois des habitations proches du rivage.",,,,,
5,1,COMPRENDRE,Pourquoi le moment entre deux marées s'appelle l'étale ?,Comprendre qu'il y a un moment de pause où le courant est quasi nul.,"C'est un bon moment pour certaines activités, mais il ne dure pas longtemps !","[""reperes_spatio_temporels"",""interactions_climatiques""]","[""marée"",""courant""]",2026-02-06 15:53:04.404251+00,,true,,[],copun,,[],"Quand la mer arrête de monter, avant de redescendre, l'eau ne bouge presque plus pendant quelques minutes — comme une respiration entre deux mouvements. C'est l'étale : le courant y est quasi nul.",,,,,
50,1,COMPRENDRE,"Comment s'appelle la bande colorée sur le sable, quand la mer se retire ?",Connaître le terme 'laisse de mer'.,"C'est un peu la 'poubelle naturelle' de la mer, mais une poubelle très utile !","[""caracteristiques_littoral""]","[""laisse de mer"",""vocabulaire""]",2026-02-06 15:53:04.404251+00,,true,,[],copun,,[],"C'est la laisse de mer : elle marque l'endroit où l'eau s'est arrêtée à la dernière marée haute, en y déposant tout ce qu'elle transportait — algues, coquillages, bois flotté, et parfois des déchets humains.",,,,,
51,1,COMPRENDRE,D'où viennent les débris de la laisse de mer ?,"Distinguer les débris naturels (algues, bois) des déchets humains.","Les éléments naturels sont essentiels à l'écosystème, pas les déchets !","[""impact_presence_humaine""]","[""laisse de mer"",""pollution""]",2026-02-06 15:53:04.404251+00,,true,,[],copun,,[],"La laisse de mer mélange deux origines : les débris naturels arrachés par les vagues (algues, coquilles vides, bois) qui nourrissent l'écosystème dunaire, et les déchets d'origine humaine (plastiques, mégots) qui, eux, n'ont rien à y faire.",,,,,
52,2,COMPRENDRE,Comment les courants et marées transportent-ils les débris ?,Comprendre que la laisse de mer est un indicateur des mouvements de l'eau.,La forme de la laisse de mer peut vous donner des indices sur la direction des courants.,"[""interactions_climatiques""]","[""laisse de mer"",""courant"",""marée""]",2026-02-06 15:53:04.404251+00,,true,,[],copun,,[],"La position et la forme de la laisse de mer changent d'une marée à l'autre selon la force du vent, l'amplitude de la marée et le sens des courants. En l'observant, on peut deviner jusqu'où la mer est montée et d'où venaient les éléments transportés.",,,,,
53,1,OBSERVER,Que peut-on trouver dans la laisse de mer ?,Identifier les différents composants de la laisse de mer.,"Cherchez des coquillages, des 'œufs de raie', des os de seiche, des algues...","[""biodiversite_saisonnalite""]","[""laisse de mer""]",2026-02-06 15:53:04.404251+00,,true,,[],copun,,[],"La laisse de mer est un concentré de ce que la mer a croisé : coquilles vides, algues arrachées, bois flotté, parfois des œufs de raie ou des os de seiche — autant d'indices sur les espèces qui vivent au large ou sur l'estran.",,,,,
54,2,OBSERVER,Comment la laisse de mer peut-elle être un indicateur environnemental ?,Comprendre que la composition de la laisse renseigne sur la santé de l'écosystème.,Trop de plastique est un mauvais signe. La présence de certaines espèces peut être un bon signe.,"[""impact_presence_humaine"",""biodiversite_saisonnalite""]","[""laisse de mer"",""pollution"",""écosystème""]",2026-02-06 15:53:04.404251+00,,true,,[],copun,,[],"La proportion d'éléments naturels par rapport aux déchets humains dans la laisse de mer donne une photographie rapide de l'état du littoral à cet endroit : beaucoup de nature et peu de plastique est plutôt bon signe, l'inverse est un signal d'alerte.",,,,,
55,2,PROTÉGER,Comment pratiquer un nettoyage raisonné de la plage ?,Savoir ramasser les déchets humains sans enlever les éléments naturels.,"Ne ramassez que ce qui est d'origine humaine. Laissez le bois et les algues, ils nourrissent la dune.","[""impact_presence_humaine""]","[""laisse de mer"",""pollution""]",2026-02-06 15:53:04.404251+00,,true,,[],copun,,[],"Un nettoyage de plage efficace fait le tri : les déchets d'origine humaine (plastiques, mégots, verre) sont retirés, tandis que le bois flotté, les algues et les coquillages restent sur place, car ils nourrissent la laisse de mer et l'écosystème dunaire qui en dépend.",,,,,
56,3,PROTÉGER,Comment réduire les déchets à la source pour limiter la pollution marine ?,Comprendre que la meilleure solution est de ne pas produire de déchets.,"Utilisez des gourdes, évitez les emballages uniques, ne laissez rien derrière vous.","[""impact_presence_humaine""]","[""pollution""]",2026-02-06 15:53:04.404251+00,,true,,[],copun,,[],"Le déchet le plus facile à gérer est celui qu'on ne produit jamais : une gourde réutilisable, des emballages limités, du matériel choisi pour durer évitent d'avoir quoi que ce soit à ramasser derrière soi, mieux que n'importe quel geste de nettoyage a posteriori.",,,,,
57,1,COMPRENDRE,"Pourquoi y a-t-il beaucoup de vie humaine, animale et végétale sur l'espace littoral ?",Comprendre que le littoral est un écotone riche et productif.,"C'est une zone de rencontre entre la terre et la mer, ce qui multiplie les habitats et les ressources.","[""biodiversite_saisonnalite"",""caracteristiques_littoral""]","[""écosystème""]",2026-02-06 15:53:04.404251+00,,true,,[],copun,,[],"Le littoral cumule les ressources de deux mondes à la fois : les nutriments apportés par la terre (rivières, ruissellement) et ceux de la mer (courants, marées). Cette zone de rencontre, appelée écotone, offre donc plus d'habitats et de nourriture qu'un milieu marin ou terrestre isolé.",,,,,
58,1,COMPRENDRE,Comment les espèces marines sont-elles adaptées à leur environnement ?,"Comprendre les adaptations spécifiques (respiration, camouflage...).","Le crabe a une carapace, le poisson a des branchies, l'algue est flexible pour résister aux vagues.","[""biodiversite_saisonnalite""]","[""adaptation""]",2026-02-06 15:53:04.404251+00,,true,,[],copun,,[],"Chaque espèce de l'estran a développé une solution à ses contraintes : une carapace rigide contre le dessèchement et les prédateurs pour le crabe, des branchies pour respirer sous l'eau, une texture flexible pour résister au ressac chez certaines algues. Ces adaptations sont le fruit de millions d'années d'évolution dans un milieu extrême.",,,,,
59,2,COMPRENDRE,Comment fonctionnent les chaînes alimentaires marines ?,Comprendre les relations prédateurs-proies en mer.,"Du plancton aux grands prédateeurs, chaque maillon est essentiel.","[""biodiversite_saisonnalite""]","[""écosystème""]",2026-02-06 15:53:04.404251+00,,true,,[],copun,,[],"Tout commence par le phytoplancton, minuscule algue capable de capter l'énergie du soleil. Il nourrit le zooplancton, qui nourrit les petits poissons, qui nourrissent à leur tour les grands prédateurs. Si un maillon de cette chaîne s'effondre — par surpêche ou pollution — tous les suivants en pâtissent.",,,,,
6,2,COMPRENDRE,Pourquoi connaît-on à l'avance les horaires de marées ?,Comprendre la prédictibilité scientifique des marées.,La précision des calculs est telle qu'on peut prévoir un horaire à la minute près.,"[""reperes_spatio_temporels""]","[""marée""]",2026-02-06 15:53:04.404251+00,,true,,[],copun,,[],"La position de la Lune et du Soleil suit des lois de mécanique céleste connues avec une précision extrême. C'est ce qui permet de calculer, des années à l'avance, l'heure et la hauteur de chaque marée dans n'importe quel port, à quelques minutes près.",,,,,
60,2,COMPRENDRE,Quels sont les cycles biologiques des espèces marines ?,"Comprendre les cycles de vie (reproduction, migration).",Les oiseaux migrateurs s'arrêtent sur nos côtes pour se reposer et se nourrir.,"[""biodiversite_saisonnalite""]","[""migration"",""reproduction""]",2026-02-06 15:53:04.404251+00,,true,,[],copun,,[],"De nombreuses espèces marines suivent un calendrier précis : reproduction à une saison donnée, migration entre zones d'alimentation et de reproduction, hivernage dans des eaux plus clémentes. Nos côtes servent souvent d'étape de repos et de ravitaillement sur ces longs trajets.",,,,,
61,1,OBSERVER,Comment peut-on repérer des traces de présence animale sur ce site ?,"Identifier des indices de faune (empreintes, plumes, coquilles).",Les traces de pas sur le sable humide sont un excellent indice.,"[""lecture_paysage""]","[""repères visuels"",""faune""]",2026-02-06 15:53:04.404251+00,,true,,[],copun,,[],"Le sable garde la mémoire du passage des animaux : empreintes de pattes, plumes tombées, coquilles ouvertes par un prédateur, terriers dans la vase. Il suffit de ralentir le pas et de regarder vraiment le sol pour lire ces traces.",,,,,
62,2,OBSERVER,Comment savoir si on dérange un animal ?,Retenir qu'il y a dérangement dès qu'il y a un changement de comportement.,"Jumelles et silence. Faites observer un oiseau au groupe : s'il relève la tête ou s'arrête de se nourrir, on a déjà fait un pas de trop — on recule.","[""cohabitation_vivant""]","[""faune"",""zone sensible""]",2026-02-06 15:53:04.404251+00,,true,,[],copun,,[],"Le dérangement ne commence pas quand l'animal fuit, mais bien avant : un oiseau qui arrête de se nourrir, qui redresse la tête, qui cesse de couver, montre déjà qu'il a repéré une présence gênante. Observer dans le calme, c'est repérer ces signaux et reculer avant d'aller trop loin.",,,,,
63,1,PROTÉGER,Pourquoi je peux observer tout en étant discret ?,Comprendre que la discrétion évite le stress et la fuite des animaux.,Un animal qui fuit utilise une énergie précieuse dont il a besoin pour survivre.,"[""cohabitation_vivant""]","[""faune"",""zone sensible""]",2026-02-06 15:53:04.404251+00,,true,,[],copun,,[],"Un animal qui repère une présence humaine change souvent de comportement avant même de fuir : il s'arrête de se nourrir, reste immobile, guette. Rester silencieux et à distance permet de l'observer sans le pousser à gaspiller cette énergie.",,,,,
64,1,PROTÉGER,Pourquoi un dérangement peut causer du tort au « vivant » ?,"Comprendre les conséquences du dérangement (abandon du nid, stress...).","Si des parents sont dérangés, ils peuvent abandonner leurs œufs ou leurs petits.","[""cohabitation_vivant""]","[""faune"",""zone sensible""]",2026-02-06 15:53:04.404251+00,,true,,[],copun,,[],"Chaque fuite ou changement de comportement coûte de l'énergie à un animal — une énergie dont il a besoin pour se nourrir, se reproduire ou simplement survivre à l'hiver. En période de reproduction, un dérangement répété peut même conduire des parents à abandonner leurs œufs ou leurs petits.",,,,,
65,2,PROTÉGER,Pourquoi ne voit-on pas les mêmes animaux selon les saisons ?,Comprendre la multifonctionnalité des habitats et l'importance de les préserver.,"Demandez au groupe : qui habite la plage cette semaine ? Cherchez un indice du moment (nid, jeunes, groupe en halte) et expliquez pourquoi cette espèce a choisi ce site à cette saison.","[""cohabitation_vivant"",""biodiversite_saisonnalite""]","[""écosystème"",""zone sensible""]",2026-02-06 15:53:04.404251+00,,true,,[],copun,,[],"Un même endroit du littoral peut accueillir des usages très différents selon la saison : nurserie au printemps, halte migratoire en automne, zone d'hivernage en hiver. Savoir ""qui est là et pourquoi"" à un moment donné permet d'adapter sa présence pour ne pas perturber ce qui compte le plus à cet instant.",,,,,
66,2,PROTÉGER,Pourquoi la présence humaine doit limiter son impact sur un lieu de vie qui n'est pas le sien mais celui de nombreuses espèces ?,Comprendre notre responsabilité en tant qu'invités dans un milieu naturel.,"Nous ne sommes que de passage, laissons l'endroit comme nous l'avons trouvé.","[""impact_presence_humaine"",""cohabitation_vivant""]","[""zone sensible""]",2026-02-06 15:53:04.404251+00,,true,,[],copun,,[],"Le littoral n'appartient à aucun visiteur en particulier : c'est le lieu de vie permanent de centaines d'espèces qui, elles, n'ont pas d'autre endroit où aller. Chaque personne de passage a donc la responsabilité de laisser l'endroit dans l'état où elle l'a trouvé, sinon meilleur.",,,,,
67,3,PROTÉGER,Pourquoi chacun peut œuvrer en faveur de la biodiversité ?,"Comprendre que chaque geste compte, de la protection locale à l'action globale.","Signaler une espèce, ramasser un déchet, respecter les zones... tout aide.","[""cohabitation_vivant"",""sciences_participatives""]","[""action citoyenne""]",2026-02-06 15:53:04.404251+00,,true,,[],copun,,[],"Aucun geste n'est trop petit pour compter à l'échelle collective : signaler une observation, ramasser un déchet, respecter une zone balisée. Multipliés par des milliers de personnes qui font pareil, ces petits gestes individuels deviennent une vraie force de protection.",,,,,
68,1,COMPRENDRE,Pourquoi on ne part pas à la même heure chaque jour ?,"Comprendre que les activités nautiques suivent les rythmes de la nature : la marée chaque jour, les coefficients sur deux semaines, les saisons sur l'année.","Affichez l'horaire de marée du jour et celui de demain : faites constater le décalage aux stagiaires, puis demandez-leur de prédire l'heure de mise à l'eau d'après-demain.","[""reperes_spatio_temporels""]","[""adaptation""]",2026-02-06 15:53:04.404251+00,,true,,[],copun,,[],"Parce que la marée se décale d'environ 50 minutes chaque jour : l'horaire de navigation d'aujourd'hui ne sera plus le bon demain. Ce décalage suit la Lune, comme le cycle des coefficients qui revient toutes les deux semaines — la nature impose son calendrier, et le programme de la semaine s'y ajuste.",,,,,
69,2,COMPRENDRE,Quelles sont les interdépendances en milieu marin ?,"Comprendre que tous les éléments (vent, courant, faune, flore) sont liés.","Le vent crée les vagues, qui façonnent la côte, qui abrite des espèces spécifiques...","[""interactions_climatiques"",""biodiversite_saisonnalite""]","[""écosystème""]",2026-02-06 15:53:04.404251+00,,true,,[],copun,,[],"Rien n'existe isolément en milieu marin : le vent crée les vagues, les vagues façonnent la côte en creusant ou en déposant du sable, cette forme de côte abrite des espèces particulières qui, à leur tour, attirent d'autres animaux. Modifier un seul de ces éléments a des répercussions sur tous les autres.",,,,,
7,2,COMPRENDRE,Pourquoi il est important de connaître l'amplitude de la marée ?,Comprendre l'importance du coefficient pour la sécurité et la pratique.,Un gros coefficient signifie plus de courant et un estran qui découvre plus loin.,"[""reperes_spatio_temporels""]","[""marée"",""coefficient""]",2026-02-06 15:53:04.404251+00,,true,,[],copun,,[],"Le coefficient de marée (de 20 à 120) mesure l'écart entre marée haute et marée basse. Plus il est élevé, plus l'eau monte et descend fort — et plus les courants sont puissants.",,,,,
70,1,OBSERVER,Comment lire son environnement pour naviguer en sécurité ?,Apprendre à observer les éléments clés pour une pratique sécuritaire.,"Avant de partir, prenez 5 minutes pour regarder le ciel, la mer, le vent.","[""lecture_paysage""]","[""sécurité"",""observation""]",2026-02-06 15:53:04.404251+00,,true,,[],copun,,[],"Avant de partir, un rapide tour d'horizon — direction et force du vent, état de la mer, type de nuages, heure de marée — permet de repérer à l'avance ce qui pourrait mal tourner, plutôt que de le découvrir une fois sur l'eau.",,,,,
71,2,OBSERVER,"Comment repères-tu ta zone de navigation, quels amers prends-tu ?",Apprendre à utiliser des points de repère fixes pour se situer.,"Un amer est un point de repère remarquable sur la côte (clocher, phare, château d'eau).","[""lecture_paysage""]","[""repères visuels"",""sécurité""]",2026-02-06 15:53:04.404251+00,,true,,[],copun,,[],"Un amer (phare, clocher, château d'eau) reste visible et fixe même quand on perd ses repères en mer. En croisant deux amers, on peut savoir précisément où l'on se trouve — une technique de navigation utilisée bien avant le GPS, et toujours utile s'il tombe en panne.",,,,,
72,2,OBSERVER,"Pourquoi tout ce qui est inhabituel (en mer, comme à terre) doit être signalé ?",Devenir une sentinelle de l'environnement.,"Une pollution, une espèce échouée, un filet abandonné... votre signalement peut déclencher une action.","[""sciences_participatives""]","[""action citoyenne""]",2026-02-06 15:53:04.404251+00,,true,,[],copun,,[],"Des milliers de promeneurs et de pratiquants parcourent le littoral chaque jour : leurs yeux valent mieux qu'un seul observateur isolé. Un déchet inhabituel, un animal en détresse ou un engin de pêche abandonné signalés à temps peuvent déclencher une intervention rapide.",,,,,
73,1,PROTÉGER,Comment avoir un impact minimal sur l'environnement ?,Apprendre les gestes de base pour limiter son empreinte écologique.,Ne rien laisser derrière soi est la règle d'or.,"[""impact_presence_humaine""]","[""éco-geste""]",2026-02-06 15:53:04.404251+00,,true,,[],copun,,[],"La règle la plus simple reste la plus efficace : ne rien laisser derrière soi. Combinée au respect des sentiers balisés et à la distance gardée avec la faune, elle couvre l'essentiel d'une pratique responsable du littoral.",,,,,
74,2,PROTÉGER,Comment partager l'espace avec la faune et la flore ?,Adopter des comportements respectueux pour minimiser le dérangement.,"Considérez que vous êtes dans leur maison, pas l'inverse.","[""cohabitation_vivant""]","[""zone sensible"",""faune"",""flore""]",2026-02-06 15:53:04.404251+00,,true,,[],copun,,[],"Sur l'estran ou en mer, on est de passage dans un milieu qui est en permanence le lieu de vie d'innombrables espèces. Adapter sa trajectoire, son volume sonore et sa distance d'observation, c'est simplement se comporter en invité respectueux plutôt qu'en propriétaire des lieux.",,,,,
75,1,COMPRENDRE,Quelles sont les activités humaines en mer et sur le littoral ?,"Identifier les différents usages du littoral (pêche, loisirs, transport...).","Regardez autour de vous : pêcheurs, plaisanciers, promeneurs... nous partageons tous cet espace.","[""activites_humaines""]",[],2026-02-06 15:53:04.404251+00,,true,,[],copun,,[],"Le littoral est un espace partagé par de nombreux usages qui cohabitent, parfois avec des règles pour s'organiser : pêche professionnelle et à pied, plaisance et sports nautiques, tourisme et promenade, conchyliculture, transport maritime.",,,,,
76,2,COMPRENDRE,Quels impacts ont les activités humaines sur le milieu marin ?,"Comprendre les conséquences de nos actions (pollution, surexploitation...).",Même un petit déchet peut avoir un impact énorme sur un animal.,"[""impact_presence_humaine""]","[""pollution""]",2026-02-06 15:53:04.404251+00,,true,,[],copun,,[],"Pollution de l'eau, déchets plastiques, surpêche, dérangement de la faune, artificialisation du littoral : chaque activité humaine laisse une trace, parfois minime à l'échelle d'une personne mais énorme cumulée sur des millions de visiteurs.",,,,,
77,2,COMPRENDRE,Qu'est-ce que l'économie bleue ?,Comprendre le concept d'économie maritime durable.,C'est l'idée de développer des activités économiques qui respectent la santé de l'océan.,"[""activites_humaines""]","[""économie""]",2026-02-06 15:53:04.404251+00,,true,,[],copun,,[],"L'économie bleue regroupe toutes les activités liées à la mer — pêche, tourisme, énergies marines, transport — conçues pour rester rentables sur le long terme sans épuiser les ressources ni dégrader les écosystèmes dont elles dépendent elles-mêmes.",,,,,
78,2,OBSERVER,Comment les pratiques évoluent-elles vers plus de durabilité ?,Observer les innovations et les changements de comportement.,"Matériaux recyclés, moteurs électriques, zones protégées... les choses bougent !","[""activites_humaines""]","[""adaptation"",""innovation""]",2026-02-06 15:53:04.404251+00,,true,,[],copun,,[],"Les acteurs du nautisme testent de plus en plus de solutions pour réduire leur impact : combinaisons en matériaux recyclés, mouillages sur bouées plutôt qu'ancres pour épargner les herbiers, chartes de bonnes pratiques partagées entre clubs.",,,,,
79,3,PROTÉGER,Comment adopter des modes de consommation durables et écologiques ?,Comprendre que nos choix en tant que consommateurs ont un impact.,"Choisir des produits de la mer issus de la pêche durable, réduire sa consommation de plastique.","[""impact_presence_humaine""]","[""éco-geste""]",2026-02-06 15:53:04.404251+00,,true,,[],copun,,[],"Chaque achat est un choix : privilégier des produits de la mer issus d'une pêche encadrée et durable, limiter les emballages plastiques à usage unique, choisir du matériel réparable plutôt que jetable. Multipliés à l'échelle de millions de consommateurs, ces choix pèsent directement sur la santé des écosystèmes marins.",,,,,
8,2,COMPRENDRE,Pourquoi la marée remonte plus vite à certains moments ?,Comprendre la règle des douzièmes et la vitesse variable du flot.,"La marée est la plus rapide à mi-parcours, pas au début ni à la fin.","[""reperes_spatio_temporels"",""interactions_climatiques""]","[""marée"",""courant""]",2026-02-06 15:53:04.404251+00,,true,,[],copun,,[],"La marée ne monte pas à vitesse constante. Elle est lente au début et à la fin du flot, et beaucoup plus rapide entre la 2ᵉ et la 4ᵉ heure : c'est la règle des douzièmes (1/12, 2/12, 3/12, 3/12, 2/12, 1/12 du marnage total, heure par heure).",,,,,
80,3,PROTÉGER,Comment aider à la préservation du site en participant à des programmes de recherche via des sites de sciences participatives ?,Savoir utiliser les outils de sciences participatives.,Des applications comme iNaturalist ou OBSenMER permettent de signaler vos observations.,"[""sciences_participatives""]","[""action citoyenne""]",2026-02-06 15:53:04.404251+00,,true,,[],copun,,[],Des applications comme iNaturalist ou OBSenMER permettent à n'importe qui de photographier une espèce et de la géolocaliser en quelques secondes. Ces observations rejoignent ensuite de vraies bases de données utilisées par les chercheurs pour suivre l'évolution de la biodiversité.,,,,,
81,2,PROTÉGER,Pourquoi chacun peut devenir acteur de la préservation de la nature tout en améliorant la connaissance en général ?,Comprendre la valeur de chaque observation individuelle.,Des milliers d'yeux valent mieux qu'un seul. Vos données sont précieuses pour les scientifiques.,"[""sciences_participatives"",""cohabitation_vivant""]","[""action citoyenne""]",2026-02-06 15:53:04.404251+00,,true,,[],copun,,[],"Aucun scientifique ne peut être partout à la fois. Les millions d'observations remontées chaque année par des promeneurs, plongeurs ou pêcheurs à pied permettent de couvrir un territoire bien plus vaste que ce que quelques équipes de recherche pourraient surveiller seules.",,,,,
82,1,COMPRENDRE,Qu’est-ce qu’un nuage ?,Décrire la nature fondamentale d'un nuage.,Un nuage est une collection visible de minuscules gouttelettes d’eau ou de cristaux de glace suspendus dans l’air.,"[""Nuages""]",[],2026-02-06 15:53:04.404251+00,,true,,[],copun,,[],"Le nuage n'est pas un objet fixe : c'est un rassemblement de minuscules gouttelettes d'eau ou de cristaux de glace en suspension dans l'air, si légers qu'ils flottent tant que l'air ne les fait pas retomber sous forme de pluie ou de neige.",,,,,
83,1,COMPRENDRE,Pourquoi les nuages peuvent-ils être blancs ou gris foncés ?,Expliquer la variation de couleur des nuages.,Parce que les nuages épais ou chargés de gouttelettes cristallisées laissent passer moins de lumière ; un nuage très épais peut paraître gris ou sombre,"[""Nuages""]",[],2026-02-06 15:53:04.404251+00,,true,,[],copun,,[],"Un nuage fin laisse passer la lumière du soleil et paraît blanc. Un nuage épais, chargé de gouttelettes ou de cristaux, bloque une grande partie de cette lumière : il apparaît alors gris, voire noir juste avant un orage.",,,,,
84,1,COMPRENDRE,Quel rôle joue un nuage dans le cycle de l’eau ?,Identifier le rôle des nuages dans le cycle de l'eau.,"Les nuages sont une étape du cycle de l’eau : l’eau s’évapore, monte, forme un nuage, puis retombe sous forme de précipitations (pluie, neige).","[""Nuages"",""Cycle de l'eau""]",[],2026-02-06 15:53:04.404251+00,,true,,[],copun,,[],"Les nuages sont une étape de passage : l'eau des océans s'évapore, monte, se condense en nuage, puis retombe en pluie — souvent loin de son point de départ. Sans ce transport, l'eau douce ne pourrait pas atteindre les terres éloignées de la mer.",,,,,
85,1,COMPRENDRE,Qu’est-ce que le vent ?,Définir ce qu'est le vent.,"Le vent est le déplacement de l’air par rapport à la surface de la Terre, causé par des différences de pression atmosphérique","[""Vent""]",[],2026-02-06 15:53:04.404251+00,,true,,[],copun,,[],"L'air ne reste jamais parfaitement immobile : dès qu'une zone se réchauffe plus qu'une autre, l'air s'y allège et monte, laissant un vide que l'air voisin, plus dense, vient combler. Ce mouvement horizontal de l'air, c'est le vent.",,,,,
86,1,COMPRENDRE,Qu’entend-on par « oiseau migrateur » en Normandie ?,Définir la notion d'oiseau migrateur en Normandie.,"Un oiseau migrateur est une espèce qui effectue chaque année un déplacement régulier (souvent vers le sud ou vers le nord) pour l’hiver ou la reproduction, et qui passe ou s’arrête en Normandie dans ses trajets","[""Oiseaux migrateurs"",""Migrations""]",[],2026-02-06 15:53:04.404251+00,,true,,[],copun,,[],"Un oiseau migrateur alterne chaque année entre deux zones géographiques, généralement pour fuir le froid ou rejoindre un site de reproduction. La Normandie n'est pas toujours la destination finale : pour beaucoup d'espèces, c'est une étape de repos et de ravitaillement sur un trajet bien plus long.",,,,,
87,1,COMPRENDRE,Pourquoi la Normandie est-elle un territoire important pour les migrations d’oiseaux ?,Expliquer l'importance de la Normandie pour les migrations aviaires.,"Parce que le littoral, les zones humides et les estuaires normands constituent des escales ou des zones d’hivernage pour de nombreuses espèces migratrices","[""Oiseaux migrateurs"",""Migrations"",""Biodiversité""]",[],2026-02-06 15:53:04.404251+00,,true,,[],copun,,[],"Les estuaires et zones humides normandes offrent une nourriture abondante (vasières riches en invertébrés) à des oiseaux épuisés par de longs vols. Pour certaines espèces, comme l'Eider à duvet, la population hivernant en Normandie représente une part significative de l'effectif national.",,,,,
88,2,OBSERVER,"Combien d’espèces de mammifères marins ont été observées sur les côtes normandes, et quelles sont les espèces les plus fréquemment observées ?",Connaître les mammifères marins observés en Normandie.,"On recense **24 espèces de mammifères marins** observées ou échouées sur le littoral normand. Parmi les plus fréquentes : le Phoque veau-marin, le Phoque gris et le Marsouin commun.","[""Mammifères marins"",""Biodiversité"",""caracteristiques_littoral"",""lecture_paysage""]",[],2026-02-06 15:53:04.404251+00,,true,,[],copun,,[],"Vingt-quatre espèces de mammifères marins ont été recensées, vivantes ou échouées, sur le littoral normand — un chiffre qui témoigne d'une richesse peu connue du grand public. Trois d'entre elles sont observées régulièrement toute l'année : le phoque veau-marin, le phoque gris et le marsouin commun.",,,,,
89,1,COMPRENDRE,Qu’est-ce qu’un courant marin ?,Définir ce qu'est un courant marin.,"C’est un mouvement dirigé d’eau de mer, souvent horizontal, qui circule dans l’océan ou près des côtes. Pense-y comme à une « rivière dans l’océan ».","[""Courants marins""]",[],2026-02-06 15:53:04.404251+00,,true,,[],copun,,[],"Contrairement à un fleuve, un courant marin n'a ni lit ni berges visibles — c'est un déplacement d'eau au sein même de l'océan, entraîné par le vent, les marées ou de grandes circulations liées à la température et à la salinité de l'eau.",,,,,
9,2,COMPRENDRE,Pourquoi la période de « mi-marée » est un moment particulier ?,Comprendre que c'est le moment des courants les plus forts.,C'est un moment de vigilance accrue pour tous les navigateurs.,"[""interactions_climatiques""]","[""marée"",""courant""]",2026-02-06 15:53:04.404251+00,,true,,[],copun,,[],"C'est pendant les heures où la marée monte ou descend le plus vite (règle des douzièmes) que le débit d'eau est maximal — donc que les courants sont les plus forts. À l'étale, à l'inverse, le courant tombe presque à zéro.",,,,,
90,1,COMPRENDRE,Qu’est-ce qu’une houle ?,Expliquer la nature de la houle.,"Une houle est une série d’ondes de gravité à la surface de l’eau qui ont été générées par du vent à distance et qui ont voyagé loin de leur origine, devenant organisées et régulières. Contrairement aux vagues « locales » générées directement par le vent à proximité, une houle vient souvent d’un système de tempête éloigné","[""Houle"",""Vagues""]",[],2026-02-06 15:53:04.404251+00,,true,,[],copun,,[],"Une houle a quitté depuis longtemps la tempête qui l'a créée. En voyageant sur de longues distances, ses vagues désordonnées s'organisent, se régularisent et s'espacent — c'est pour cela qu'on peut avoir une mer agitée par de la houle alors qu'il n'y a pas de vent sur place.",,,,,
91,1,COMPRENDRE,Pourquoi les horaires de marée changent-ils chaque jour à un même endroit ?,Comprendre le décalage quotidien des marées.,"Parce que le jour lunaire (environ 24 h 50 min) est plus long que le jour solaire (24 h), donc chaque jour on revient « un peu plus tard » sous l’effet principal de la Lune Le décalage quotidien des horaires de marée est dû essentiellement au fait que la Lune **avance** dans son orbite pendant que la Terre tourne. Quelques éléments clés : Une « journée lunaire » (le temps que met un point de la Terre pour revenir sous la Lune) est d’environ **24 h 50 min** (et non de 24 h) parce que la Lune se déplace dans son orbite pendant que la Terre tourne. Puisque la Terre doit tourner un peu plus pour « rattraper » la position de la Lune, chaque marée haute, ou marée basse, se produit environ **50 minutes plus tard** que la veille (dans les zones à marée semi-diurne typiques).","[""Marées""]",[],2026-02-06 15:53:04.404251+00,,true,,[],copun,,[],"La Lune met environ 24h50 à repasser au-dessus d'un même point de la Terre (un peu plus qu'une journée solaire, car elle avance elle-même sur son orbite pendant ce temps). C'est ce léger décalage qui retarde chaque marée d'environ 50 minutes par rapport à la veille.",,,,,
92,1,OBSERVER,Qu’est-ce que la curiosité a-t-elle à voir avec l’observation de la nature ?,Expliquer le rôle de la curiosité dans l'observation.,"Un bon observateur est animé par la curiosité : il se questionne, il se demande « quoi ? », « pourquoi ? », « comment ? ».","[""Observation"",""Nature""]",[],2026-02-06 15:53:04.404251+00,,true,,[],copun,,[],"Observer sans curiosité, c'est juste regarder. La curiosité pousse à se poser des questions sur ce qu'on voit — pourquoi cet oiseau se comporte ainsi, d'où vient cette trace — et c'est cette question qui transforme un simple coup d'œil en véritable observation.",,,,,
93,1,OBSERVER,"Comment l’usage des sens (vue, ouïe, toucher…) contribue-t-il à être un bon observateur de la nature ?",Identifier l'importance des sens en observation.,"Utiliser activement les sens permet de détecter des détails subtils : l’observation ne se limite pas à regarder, mais aussi à écouter, sentir, toucher (quand c’est possible et respectueux)","[""Observation"",""Sens""]",[],2026-02-06 15:53:04.404251+00,,true,,[],copun,,[],"Beaucoup d'informations sur le milieu marin ne sont pas visibles : le cri d'un oiseau, l'odeur des algues à marée basse, le bruit du ressac contre les rochers. Mobiliser plusieurs sens à la fois permet de capter bien plus qu'en se fiant uniquement à la vue.",,,,,
94,1,OBSERVER,Quel rôle joue la connaissance des espèces et des milieux dans l’observation de la nature ?,Mettre en évidence le lien entre connaissance et observation.,"Connaître (ou chercher à connaître) les plantes, animaux, habitats de sa région permet de reconnaître ce qui est «normal», ce qui est «nouveau» ou «significatif». Cela enrichit l’observation","[""Observation"",""Connaissance"",""Biodiversité""]",[],2026-02-06 15:53:04.404251+00,,true,,[],copun,,[],"On ne remarque un fait inhabituel que si l'on sait d'abord ce qui est habituel. Connaître les espèces courantes d'un site permet de repérer immédiatement ce qui sort de l'ordinaire — une espèce rare, un comportement anormal — là où un œil non formé ne verrait rien de particulier.",,,,,
95,1,OBSERVER,Pourquoi le respect de la nature est-il une composante d’un bon observateur ?,Comprendre l'éthique de l'observation naturelle.,"Parce que l’observation ne doit pas nuire à ce qu’on observe : respecter animaux, plantes, milieux, ne pas les déranger ou les endommager. Cela garantit que l’observation est éthique et durable","[""Observation"",""Respect"",""Éthique""]",[],2026-02-06 15:53:04.404251+00,,true,,[],copun,,[],"Observer ne doit jamais se faire au prix du bien-être de ce qu'on observe : s'approcher trop près, faire du bruit ou toucher un animal pour ""mieux voir"" transforme l'observation en dérangement. Le respect fait partie intégrante de la démarche, pas une contrainte annexe.",,,,,
96,1,OBSERVER,Qu’est-ce que l’on entend par « état de la mer » ?,Définir la notion d'état de la mer.,"C’est l’ensemble des conditions de surface de la mer à un lieu donné, typiquement décrites par la hauteur des vagues, la longueur d’onde, la direction du vent ou de la houle, et parfois la fréquence des creux. Bien connaître l’état de la mer permet d’évaluer la sécurité et la difficulté de l’activité","[""État de la mer"",""Navigation""]",[],2026-02-06 15:53:04.404251+00,,true,,[],copun,,[],"L'état de la mer résume en un coup d'œil ce qu'il faut savoir avant de s'engager : hauteur et espacement des vagues, direction du vent et de la houle, présence de courants ou de zones de ressac. C'est la synthèse rapide qui permet de juger si les conditions sont adaptées à l'activité prévue.",,,,,
97,1,OBSERVER,Quels éléments visuels/observables pouvez-vous vérifier en bord de mer pour estimer l’état de la mer ?,Identifier les signes visuels de l'état de la mer.,"La présence de « moutons » (crêtes de vagues blanches) → vent important ; La direction des vagues / houle et si elles cassent ou non ; La visibilité à l’horizon (brume, pluie, mer agitée) → reflet des conditions météo. Ces observations simples peuvent donner beaucoup d’indices avant même d’être dans l’eau.","[""État de la mer"",""Observation"",""Sécurité""]",[],2026-02-06 15:53:04.404251+00,,true,,[],copun,,[],"Sans mettre un pied dans l'eau, on peut déjà en apprendre beaucoup : des moutons (écume blanche) sur les crêtes trahissent un vent soutenu, la façon dont les vagues déferlent indique leur force, et une visibilité réduite à l'horizon annonce souvent une dégradation météo en approche.",,,,,
98,1,PROTÉGER,Pourquoi la protection de l’environnement est-elle importante pour la santé humaine ?,Comprendre le lien entre protection environnementale et santé.,"Parce que la pollution de l’air, de l’eau ou des sols peut entraîner des maladies respiratoires, des cancers, des infections hydriques, etc. On peut voir l’environnement comme notre « maison commune » : si elle est en mauvais état, notre santé en pâtit.","[""Protection environnement"",""Santé"",""Pollution""]",[],2026-02-06 15:53:04.404251+00,,true,,[],copun,,[],"Ce que l'on rejette dans l'eau ou dans l'air finit souvent par nous revenir : poissons contaminés, eau de baignade polluée, air chargé en particules. Protéger le milieu marin, c'est aussi se protéger soi-même.",,,,,
99,2,COMPRENDRE,Comment se forme un nuage ?,Expliquer le processus de formation des nuages.,"L’air chaud et humide monte, se refroidit, la vapeur d’eau se condense autour de particules en suspension (poussière, sel…) et forme des gouttelettes ou des cristaux, ce qui crée un nuage.","[""Nuages"",""Formation""]",[],2026-02-06 15:53:04.404251+00,,true,,[],copun,,[],"L'air chaud et humide, plus léger, s'élève dans l'atmosphère. En montant, il se refroidit et ne peut plus retenir autant de vapeur d'eau : celle-ci se condense en minuscules gouttelettes ou cristaux, formant un nuage visible.",,,,,
custom_6b2d0675_1782543234539,1,COMPRENDRE,Virement de bords,blabla,,"[""manoeuvres""]",[],2026-06-27 06:53:54.678723+00,6b2d0675-09d8-4ca1-8bea-a032779e4d17,false,aaaaaaaa-0001-0001-0001-000000000001,[],custom,1,"[""Planche à voile"",""Dériveur""]",,,,,,